dataset_size,dataset,fold,model_type,split,n_samples,r2,mae,rmse,nmae,accuracy,macro_f1,training_s,prediction_s
1000,dataV1_1000,1,lr,train,800,0.8237232949489718,6.570283401790659,8.358062340511632,0.0818930998602849,0.6825,0.5261291292946869,0.0928316731005907,0.003801068291068
1000,dataV1_1000,1,lr,test,200,0.7629543176942093,6.848096550654095,9.304581792645928,0.0936812113632571,0.615,0.4139620364274742,0.0928316731005907,0.0028887707740068
1000,dataV1_1000,1,mpr,train,800,0.932225015033027,4.132373979770271,5.182542341843623,0.0515065932914155,0.79,0.6155093928804747,0.02588433586061,0.0539708714932203
1000,dataV1_1000,1,mpr,test,200,0.5810049147373989,5.22095274393052,12.370444288189583,0.0714220621604722,0.73,0.5577196715137157,0.02588433586061,0.0087283067405223
1000,dataV1_1000,1,svm,train,800,0.9840669213867288,1.6971311409961771,2.512800405729343,0.0211533234575118,0.905,0.8946460383228534,0.1071398742496967,0.0614219587296247
1000,dataV1_1000,1,svm,test,200,0.9573199953446332,2.3865504155668407,3.9481447104558978,0.0326477485029663,0.845,0.8197565008453376,0.1071398742496967,0.0196479074656963
1000,dataV1_1000,1,rf,train,800,0.998147931638479,0.5647119583333319,0.8567155514578336,0.0070386633221155,0.97875,0.9704558437581144,1.2821957115083933,0.1272423882037401
1000,dataV1_1000,1,rf,test,200,0.9848021798087072,1.6452676666666617,2.355979375720883,0.0225070816233469,0.89,0.8846960167714885,1.2821957115083933,0.1028008796274662
1000,dataV1_1000,1,xgboost,train,800,0.9999547909739204,0.0962000280380249,0.1338507224776747,0.0011990530728907,1.0,1.0,35.56702367775142,0.2425321470946073
1000,dataV1_1000,1,xgboost,test,200,0.9929536394292932,1.1459452491760254,1.6042175556977407,0.0156764055974832,0.91,0.9031087506083136,35.56702367775142,0.0985414274036884
1000,dataV1_1000,1,lightgbm,train,800,0.99958546948878,0.258564602493085,0.4053091377143736,0.0032227920041516,0.9875,0.9804671924043488,46.00243725627661,0.0128295551985502
1000,dataV1_1000,1,lightgbm,test,200,0.9930593792999716,1.114743938701975,1.5921353641565792,0.0152495750848423,0.95,0.9371667474419844,46.00243725627661,0.0062825959175825
1000,dataV1_1000,2,lr,train,800,0.820092075164575,6.601043981225569,8.367580719217704,0.0824203268975598,0.64625,0.4814613149682744,0.0803160071372985,0.0116470512002706
1000,dataV1_1000,2,lr,test,200,0.783412493965364,7.056517430435606,9.234254515588752,0.0929957489514444,0.68,0.5580449454267133,0.0803160071372985,0.0032741967588663
1000,dataV1_1000,2,mpr,train,800,0.922166384320554,4.394834102184035,5.503745789994991,0.0548736933722566,0.765,0.5961847204619058,0.0558304786682128,0.072342287749052
1000,dataV1_1000,2,mpr,test,200,0.9049947544017168,4.970976960576751,6.115879678752814,0.0655110300550441,0.75,0.7377470780625587,0.0558304786682128,0.0038260892033576
1000,dataV1_1000,2,svm,train,800,0.9818617035006864,1.8412207415951736,2.656886559806518,0.0229893961992155,0.89,0.861153986667165,0.084425201639533,0.0423088166862726
1000,dataV1_1000,2,svm,test,200,0.9761698532800354,2.115814124046131,3.0630105900264897,0.0278836864001862,0.89,0.8926495339708517,0.084425201639533,0.013496309518814
1000,dataV1_1000,2,rf,train,800,0.9979626820039622,0.6036832499999947,0.8904390018817714,0.0075375608690222,0.97125,0.9692776694191624,1.7803437765687704,0.1787266284227371
1000,dataV1_1000,2,rf,test,200,0.9835644166820492,1.628501500000006,2.5437691811572805,0.0214615379546653,0.95,0.9327532717651472,1.7803437765687704,0.1085076760500669
1000,dataV1_1000,2,xgboost,train,800,0.9999563700212316,0.0969147897720337,0.1303068553626851,0.0012100735394185,0.99875,0.9986329460013672,1.8759220596402884,0.1201023440808057
1000,dataV1_1000,2,xgboost,test,200,0.9920259141619888,1.1248621002197263,1.7718444533428428,0.0148242237772763,0.965,0.96782244381006,1.8759220596402884,0.1235545929521322
1000,dataV1_1000,2,lightgbm,train,800,0.9996240729308816,0.2521707150170048,0.3824957049726115,0.003148591771969,0.98875,0.980465431886222,20.57758377492428,0.0167022682726383
1000,dataV1_1000,2,lightgbm,test,200,0.9910338429909042,1.193631102876712,1.8788335644130336,0.0157305100537257,0.96,0.965671068427371,20.57758377492428,0.0117673408240079
1000,dataV1_1000,3,lr,train,800,0.8109279908158502,6.755429565983344,8.607705675584517,0.0842007922969381,0.65125,0.5044447471150243,0.0076865833252668,0.0126746278256177
1000,dataV1_1000,3,lr,test,200,0.8214417398307148,6.533084207827045,8.268731955834484,0.0879876660986807,0.64,0.6207807581733575,0.0076865833252668,0.0024312809109687
1000,dataV1_1000,3,mpr,train,800,0.9185318863970624,4.541265370880312,5.650249417723933,0.056603083271598,0.75625,0.5973966792387082,0.0165439024567604,0.0591703858226537
1000,dataV1_1000,3,mpr,test,200,0.9020039639243156,4.539527568369226,6.125664337132653,0.0611384184292151,0.765,0.6017626217930477,0.0165439024567604,0.003539377823472
1000,dataV1_1000,3,svm,train,800,0.9824513566211868,1.810113741685497,2.622379632985719,0.0225615572938488,0.88625,0.8752555772208058,0.0688654724508524,0.0396542306989431
1000,dataV1_1000,3,svm,test,200,0.9778382035917912,2.038261464593317,2.913073358791299,0.0274513328564756,0.915,0.8447619652670966,0.0688654724508524,0.0104827713221311
1000,dataV1_1000,3,rf,train,800,0.9978668969733038,0.605824916666663,0.9142810218569354,0.0075511020399683,0.9725,0.9662925487508822,1.2406589780002832,0.1494082249701023
1000,dataV1_1000,3,rf,test,200,0.9841762392107608,1.6260686666666757,2.4615224185067075,0.0218999147025814,0.96,0.9161544921232864,1.2406589780002832,0.1042374968528747
1000,dataV1_1000,3,xgboost,train,800,0.9999514344280236,0.1006731233596803,0.1379551897944016,0.001254806473385,0.99875,0.999123512345592,1.4757441617548466,0.0761376488953828
1000,dataV1_1000,3,xgboost,test,200,0.991213937606824,1.2042985496520997,1.8341974381177453,0.0162195090862235,0.98,0.9322853279242732,1.4757441617548466,0.0829810556024313
1000,dataV1_1000,3,lightgbm,train,800,0.999541776281996,0.2682875544666775,0.4237527908216074,0.0033439804869335,0.98875,0.9768062804512976,14.60484235920012,0.0136197619140148
1000,dataV1_1000,3,lightgbm,test,200,0.9935253387476072,1.0400330973514589,1.5745536635982005,0.0140071797623092,0.985,0.9633298933608532,14.60484235920012,0.0066655986011028
1000,dataV1_1000,4,lr,train,800,0.8049976194199692,6.749980798570753,8.679500413197392,0.0841328779580051,0.635,0.4946207544687616,0.0082202143967151,0.0028739068657159
1000,dataV1_1000,4,lr,test,200,0.8445149652447016,6.460114917410415,7.936732260777175,0.0886891119908074,0.71,0.5177942711804168,0.0082202143967151,0.0028413608670234
1000,dataV1_1000,4,mpr,train,800,0.9159196873978088,4.567260800622542,5.6993054120170585,0.0569270946107757,0.75,0.5839001713302062,0.0679076928645372,0.0286228042095899
1000,dataV1_1000,4,mpr,test,200,0.9273462684400392,4.234403428969646,5.425332939410319,0.0581329410896436,0.82,0.7818254602231935,0.0679076928645372,0.003490824252367
1000,dataV1_1000,4,svm,train,800,0.982578924214856,1.7763018736563685,2.5942525754858767,0.0221401205740541,0.90625,0.8973167084437692,0.0892794765532016,0.0538800898939371
1000,dataV1_1000,4,svm,test,200,0.977944005068621,2.1362566426625587,2.9892398213005382,0.0293280703276023,0.845,0.7746458930832235,0.0892794765532016,0.0125866457819938
1000,dataV1_1000,4,rf,train,800,0.998089487326794,0.5709535000000009,0.8591118965908211,0.0071164589305746,0.9725,0.9603510917745048,1.0919818561524153,0.1350477524101734
1000,dataV1_1000,4,rf,test,200,0.9905358332162932,1.2968898333333312,1.9581169418814888,0.0178046380194032,0.95,0.9331425957395264,1.0919818561524153,0.123647391796112
1000,dataV1_1000,4,xgboost,train,800,0.9999564699533248,0.0961026397705078,0.1296789059732281,0.0011978392094043,0.99875,0.9986304207966678,1.5400606077164412,0.1137557458132505
1000,dataV1_1000,4,xgboost,test,200,0.9958644102195964,0.9082298515319828,1.294393010557466,0.0124688337662271,0.975,0.958093593974782,1.5400606077164412,0.0783517807722091
1000,dataV1_1000,4,lightgbm,train,800,0.9995567539104888,0.2660188245861841,0.4138064235164875,0.0033157026621735,0.99125,0.9873799376017146,5.033768290653825,0.0125786922872066
1000,dataV1_1000,4,lightgbm,test,200,0.995349234347607,0.9346515470741992,1.3726495140029464,0.0128315698390197,0.955,0.9158522682506977,5.033768290653825,0.0146819539368152
1000,dataV1_1000,5,lr,train,800,0.8093447413086899,6.693301210394309,8.58707524093339,0.0882090301844268,0.64875,0.512132793810195,0.0072168540209531,0.0021354760974645
1000,dataV1_1000,5,lr,test,200,0.8222088792677114,6.718078421087143,8.468723794504974,0.0838816134484597,0.62,0.464070699495493,0.0072168540209531,0.0018025022000074
1000,dataV1_1000,5,mpr,train,800,0.9193605468638566,4.469580740488436,5.584633291206377,0.0589032780770748,0.76875,0.6177708051562186,0.0854767952114343,0.0375332720577716
1000,dataV1_1000,5,mpr,test,200,0.9089735930413289,4.784325916474495,6.059637367790899,0.0597368699772068,0.72,0.5264540612366699,0.0854767952114343,0.0203173216432333
1000,dataV1_1000,5,svm,train,800,0.9825763910901124,1.813857068980549,2.595911791461319,0.0239042839876192,0.88875,0.8678414177537584,0.1039993558079004,0.0722036082297563
1000,dataV1_1000,5,svm,test,200,0.9746955546862182,2.1640050425778345,3.194929988647088,0.0270196659080763,0.905,0.8995947349484169,0.1039993558079004,0.0227656550705432
1000,dataV1_1000,5,rf,train,800,0.9979767421390356,0.5868125000000006,0.8845990979738233,0.0077334277807063,0.9775,0.9688958954903404,1.2434472627937794,0.1516344156116247
1000,dataV1_1000,5,rf,test,200,0.9859019955944608,1.6503724999999974,2.384743951045896,0.0206064739667873,0.93,0.8990994692689609,1.2434472627937794,0.1072102002799511
1000,dataV1_1000,5,xgboost,train,800,0.9999446479989564,0.1066413120269774,0.146314557046244,0.0014053942017261,0.9975,0.9972657610588644,1.4352534245699644,0.0876878127455711
1000,dataV1_1000,5,xgboost,test,200,0.9932643885866836,1.0727855033874514,1.6483576461164888,0.0133947496989318,0.94,0.932009846077446,1.4352534245699644,0.0965763200074434
1000,dataV1_1000,5,lightgbm,train,800,0.9995757601432228,0.2639393213051179,0.405066761409398,0.0034783779824079,0.99125,0.9869647851766518,5.981168951839209,0.0162805989384651
1000,dataV1_1000,5,lightgbm,test,200,0.993406950644526,1.004942276407315,1.6308202607149844,0.0125476623349646,0.945,0.93514902573155,5.981168951839209,0.0137121696025133
10000,dataV1_10000,1,lr,train,8000,0.7949359163048766,6.763545922757055,8.757066470576655,0.0770160091409366,0.625875,0.5341260549631738,0.0130725912749767,0.0124737098813056
10000,dataV1_10000,1,lr,test,2000,0.7870959477112062,6.8767417350859965,8.88961792209179,0.079481527220134,0.607,0.5160914425770641,0.0130725912749767,0.0118128005415201
10000,dataV1_10000,1,mpr,train,8000,0.8940808831891314,5.0267435817141735,6.29362729633227,0.0572391662686651,0.749875,0.6291609575232586,0.0200520083308219,0.0401222184300422
10000,dataV1_10000,1,mpr,test,2000,0.8850653740859776,5.075389435473091,6.531554797739148,0.0586614590322826,0.741,0.5950866612047427,0.0200520083308219,0.0245875474065542
10000,dataV1_10000,1,svm,train,8000,0.987014739194272,1.6360385593421345,2.203632575296837,0.018629452964497,0.91225,0.7879111857471134,5.412165965884924,4.060329826548696
10000,dataV1_10000,1,svm,test,2000,0.9823137278243091,1.7881706866230411,2.562177915750459,0.0206677148245843,0.9035,0.7405550189393201,5.412165965884924,1.002329921349883
10000,dataV1_10000,1,rf,train,8000,0.999429150995306,0.2776722416666709,0.4620345681013027,0.0031618337698322,0.98325,0.9620875746774438,2.770434312522412,0.3047962225973606
10000,dataV1_10000,1,rf,test,2000,0.996077093447346,0.7473607333333369,1.206688330848343,0.0086380112498074,0.9565,0.953039267055708,2.770434312522412,0.1500646956264972
10000,dataV1_10000,1,xgboost,train,8000,0.9997076157707055,0.2328119686698913,0.3306669710886722,0.0026510130798211,0.987375,0.9879478047685794,1.3498230297118423,0.2030532881617546
10000,dataV1_10000,1,xgboost,test,2000,0.9989710209631136,0.3948287329101563,0.6180084241119052,0.0045634388917031,0.9785,0.980104115723354,1.3498230297118423,0.0880388412624597
10000,dataV1_10000,1,lightgbm,train,8000,0.9995186411312914,0.288466516465188,0.42427587154067,0.0032847473976905,0.985875,0.9393363555997554,9.654270464554427,0.0755781568586826
10000,dataV1_10000,1,lightgbm,test,2000,0.998804329880978,0.4336588305756143,0.6661880213812787,0.0050122379863108,0.9805,0.980724963474692,9.654270464554427,0.0277428571134805
10000,dataV1_10000,2,lr,train,8000,0.7916641838125222,6.833535188334912,8.812030470223926,0.077812971855328,0.612375,0.522465372347248,0.0112678166478872,0.0764717478305101
10000,dataV1_10000,2,lr,test,2000,0.8001355683983031,6.745347438718439,8.670194354719062,0.0799685529190093,0.6275,0.520365831198406,0.0112678166478872,0.0148245617747306
10000,dataV1_10000,2,mpr,train,8000,0.8923614863916273,5.075447132486307,6.3339971984942025,0.057793750085246,0.739125,0.5984627571113327,0.0305103790014982,0.0535703096538782
10000,dataV1_10000,2,mpr,test,2000,0.8953024122833059,5.037948590923341,6.275226618908818,0.0597267171419483,0.754,0.6326595271356404,0.0305103790014982,0.0252711586654186
10000,dataV1_10000,2,svm,train,8000,0.986744174002078,1.644804205260783,2.222784800205581,0.0187292667417533,0.90975,0.7486507630411431,5.625902742147446,4.494284676387906
10000,dataV1_10000,2,svm,test,2000,0.9858028158089596,1.7364265580201033,2.3107990744071487,0.0205859698639016,0.9135,0.8514522935905223,5.625902742147446,0.8365315236151218
10000,dataV1_10000,2,rf,train,8000,0.9994318538502448,0.2793802583333329,0.4601760955553386,0.0031812828323085,0.984,0.9643950510093932,2.588949652388692,0.2215048056095838
10000,dataV1_10000,2,rf,test,2000,0.9956503322914158,0.7636075333333342,1.279054696560879,0.0090528456826714,0.9595,0.9553632059799848,2.588949652388692,0.1295253559947013
10000,dataV1_10000,2,xgboost,train,8000,0.9997307367297804,0.2260701790046692,0.3167981078513778,0.002574244807614,0.988,0.9893014670737292,1.169923672452569,0.0794909819960594
10000,dataV1_10000,2,xgboost,test,2000,0.998938586159418,0.4047502459716796,0.6318346655093111,0.0047984617186921,0.9805,0.985141564749715,1.169923672452569,0.0564659293740987
10000,dataV1_10000,2,lightgbm,train,8000,0.9995080278696,0.2901651170891615,0.4282173618969759,0.0033040892403684,0.984375,0.955506010169656,29.091008320450783,0.0675575602799654
10000,dataV1_10000,2,lightgbm,test,2000,0.998546611851664,0.4446429163505182,0.7393530754294744,0.0052714038690043,0.977,0.9768521338148402,29.091008320450783,0.0161429587751626
10000,dataV1_10000,3,lr,train,8000,0.7902508441150753,6.856945529024573,8.851241782256473,0.0780795437146956,0.61525,0.5204582788271422,0.0257469937205314,0.0297774318605661
10000,dataV1_10000,3,lr,test,2000,0.8056165396678591,6.707447574011884,8.514642352548442,0.0790786085122834,0.6185,0.5478814204981819,0.0257469937205314,0.0248182732611894
10000,dataV1_10000,3,mpr,train,8000,0.892065336216301,5.07556553573834,6.3494274445468015,0.057795098334529,0.745375,0.6193512592538523,0.0317934546619653,0.0180527325719594
10000,dataV1_10000,3,mpr,test,2000,0.896636857836191,5.014115777704388,6.208970661158541,0.0591147816282054,0.7395,0.5886531905954916,0.0317934546619653,0.0140260495245456
10000,dataV1_10000,3,svm,train,8000,0.9867535647629804,1.6494323386505636,2.224352455088124,0.0187819669625434,0.911875,0.8219174256418332,6.619546892121434,5.663864629343152
10000,dataV1_10000,3,svm,test,2000,0.9848468685286036,1.762359705710473,2.377321684747066,0.0207776433118424,0.9055,0.7359257425776402,6.619546892121434,1.3799521289765837
10000,dataV1_10000,3,rf,train,8000,0.999429265757294,0.2773994208333337,0.4617118896426224,0.0031587271786988,0.98325,0.9627028085757022,2.905001498758793,0.2747271452099085
10000,dataV1_10000,3,rf,test,2000,0.9962789636861537,0.7389014166666683,1.1780635268804929,0.0087114055254264,0.9575,0.7858543790813394,2.905001498758793,0.1523559857159853
10000,dataV1_10000,3,xgboost,train,8000,0.999738043372832,0.2225425100708007,0.312801472149017,0.0025340754961375,0.989875,0.9896519488531144,1.8358010612428188,0.103962056338787
10000,dataV1_10000,3,xgboost,test,2000,0.9990698354498128,0.3892391385650634,0.5890018354492069,0.0045890018694301,0.9765,0.9233899280594168,1.8358010612428188,0.0728451013565063
10000,dataV1_10000,3,lightgbm,train,8000,0.9995361804708236,0.2818854385537637,0.4162254281097735,0.0032098091386217,0.985625,0.9569399926209282,22.347413962706923,0.0503382254391908
10000,dataV1_10000,3,lightgbm,test,2000,0.9988394288023438,0.4169172640061792,0.6579193359755461,0.0049153178967953,0.9775,0.9166605263716888,22.347413962706923,0.0144896283745765
10000,dataV1_10000,4,lr,train,8000,0.7981664257009372,6.740420917086613,8.6849438780468,0.0767526863708336,0.621875,0.5306483203386111,0.0229668635874986,0.0054358653724193
10000,dataV1_10000,4,lr,test,2000,0.7719911975020741,6.889771586248797,9.211841008729063,0.0828197089343526,0.6205,0.5049908556620782,0.0229668635874986,0.0034652240574359
10000,dataV1_10000,4,mpr,train,8000,0.8986146726166696,4.933589313864984,6.155422457711738,0.0561784253457638,0.746375,0.6090005872496377,0.0163598600775003,0.0270986277610063
10000,dataV1_10000,4,mpr,test,2000,0.832151310677937,5.1473490920236245,7.90368465070044,0.0618746134393992,0.7395,0.6049376450235974,0.0163598600775003,0.0091258399188518
10000,dataV1_10000,4,svm,train,8000,0.986388815482456,1.6691878324318632,2.2553724520156844,0.0190069213440203,0.91125,0.7865481363976238,4.819673381745815,3.2535933200269938
10000,dataV1_10000,4,svm,test,2000,0.9840533101353844,1.7872014554305955,2.4361605202292647,0.0214833688596056,0.896,0.7116629738436347,4.819673381745815,0.7831928730010986
10000,dataV1_10000,4,rf,train,8000,0.9994408748146124,0.2773769916666683,0.4571143323396008,0.0031584717793972,0.98325,0.9820246363529124,1.918778268620372,0.1267458312213421
10000,dataV1_10000,4,rf,test,2000,0.9961543814070486,0.7226161500000012,1.1963375415160045,0.0086863342949873,0.963,0.7861244173963687,1.918778268620372,0.1039349921047687
10000,dataV1_10000,4,xgboost,train,8000,0.9997295626467856,0.2250747865676879,0.3179096047970129,0.0025629103457946,0.98675,0.9878698980937308,15.070087160915136,0.0909990929067134
10000,dataV1_10000,4,xgboost,test,2000,0.9990704818240308,0.3883777083587647,0.588165531885735,0.0046685624276807,0.984,0.9772131308920952,15.070087160915136,0.0814089849591255
10000,dataV1_10000,4,lightgbm,train,8000,0.999540046827508,0.285064548126132,0.4145979211187671,0.0032460094298124,0.985875,0.9852186226207252,13.26928267069161,0.0831993203610181
10000,dataV1_10000,4,lightgbm,test,2000,0.9984643096492546,0.4431389341595975,0.7560011472716314,0.0053268293564081,0.9825,0.9207662800999546,13.26928267069161,0.0207975134253501
10000,dataV1_10000,5,lr,train,8000,0.7932366412997058,6.809806846402396,8.783254175820533,0.0786079515918549,0.616,0.5218788395396716,0.0128773115575313,0.0126990210264921
10000,dataV1_10000,5,lr,test,2000,0.793881433240206,6.853567816222234,8.786451538117722,0.078041081942863,0.615,0.5461193551022462,0.0128773115575313,0.0112420003861188
10000,dataV1_10000,5,mpr,train,8000,0.8929384012006586,5.054540318729097,6.320268433963963,0.0583463040370437,0.74375,0.601362989374378,0.0176522880792617,0.0115375146269798
10000,dataV1_10000,5,mpr,test,2000,0.8928971699022094,5.107121274716022,6.333670038758354,0.0581544212561605,0.745,0.6281546946353096,0.0176522880792617,0.0140816941857337
10000,dataV1_10000,5,svm,train,8000,0.9861693042788648,1.6949963923608231,2.27164610829832,0.0195659285739446,0.909,0.7930325456604664,3.6579475104808807,3.163570269942284
10000,dataV1_10000,5,svm,test,2000,0.9839557542637212,1.7658820278793472,2.451402437448752,0.0201079711669249,0.9035,0.7374280933498057,3.6579475104808807,0.7870823610574007
10000,dataV1_10000,5,rf,train,8000,0.9994378127428136,0.2765012583333338,0.4579933376210579,0.0031917494901689,0.984125,0.9578038025147412,1.965242225676775,0.1637436896562576
10000,dataV1_10000,5,rf,test,2000,0.9957444126877174,0.7694789499999976,1.26250967153369,0.008762001252562,0.9545,0.9484000267301576,1.965242225676775,0.1033988706767559
10000,dataV1_10000,5,xgboost,train,8000,0.9996929289800968,0.2380435332107544,0.3384839476514132,0.0027478186911087,0.98725,0.9852868262313448,1.606605077162385,0.1699418798089027
10000,dataV1_10000,5,xgboost,test,2000,0.998898898614914,0.4080491033935546,0.6421975072990934,0.0046464256820035,0.973,0.9707497327616346,1.606605077162385,0.119995204731822
10000,dataV1_10000,5,lightgbm,train,8000,0.9995637986279664,0.2781034205944623,0.403424412604363,0.003210243802314,0.98525,0.9272662353515724,27.879887856543064,0.0614896696060895
10000,dataV1_10000,5,lightgbm,test,2000,0.9988527305290688,0.4060343187026312,0.6555226157345562,0.0046234834741816,0.976,0.9753320461388,27.879887856543064,0.0131600685417652
50000,dataV1_50000,1,lr,train,40000,0.7542624429603583,7.889253400986419,9.99046062706199,0.0878340392004722,0.5455,0.4700961786975219,0.0323838293552398,0.0763965994119644
50000,dataV1_50000,1,lr,test,10000,0.762891205732909,7.74114445349264,9.824483530135542,0.0878078998808148,0.5537,0.4890935914828866,0.0323838293552398,0.0245286766439676
50000,dataV1_50000,1,mpr,train,40000,0.88883918009124,5.323033562460969,6.719324497168966,0.0592633440487749,0.729175,0.6185372544770994,88.24292889796197,4.366972755640745
50000,dataV1_50000,1,mpr,test,10000,0.8949947156951058,5.2578833793472,6.537948201551835,0.0596402379690018,0.7313,0.6122281467467156,88.24292889796197,0.0437691062688827
50000,dataV1_50000,1,svm,train,40000,0.9851158724057668,1.7715379857503173,2.4587333755344307,0.0197232018008274,0.903725,0.8182730360441773,166.72150152362883,129.18545499630272
50000,dataV1_50000,1,svm,test,10000,0.9844956445828644,1.809953635540912,2.5122494257006656,0.0205303270819068,0.9019,0.834548124852123,166.72150152362883,28.691318610683084
50000,dataV1_50000,1,rf,train,40000,0.9998235169638426,0.1461688016666685,0.2677325828041862,0.0016273525012989,0.99165,0.9865794832676474,11.581199012696745,1.4607069753110409
50000,dataV1_50000,1,rf,test,10000,0.9987338770431874,0.3875715933333349,0.7179163423457574,0.004396229506957,0.9777,0.9393215923481136,11.581199012696745,1.3606498278677464
50000,dataV1_50000,1,xgboost,train,40000,0.9996629429763476,0.2353706616973876,0.3699997537780617,0.0026204705154463,0.986425,0.985035790348534,7.596648456528783,0.1520800665020942
50000,dataV1_50000,1,xgboost,test,10000,0.9994713307732478,0.283203611541748,0.4639037824475976,0.003212382163586,0.985,0.9553193389375426,7.596648456528783,0.080195939168334
50000,dataV1_50000,1,lightgbm,train,40000,0.999568081893311,0.2778022948937689,0.4188422169768655,0.0030928779213289,0.98505,0.9757607748818496,8.211687754839659,0.316633190959692
50000,dataV1_50000,1,lightgbm,test,10000,0.9994286134165464,0.3116045521845737,0.4822818489352847,0.0035345343941081,0.9854,0.9714116857389504,8.211687754839659,0.0708429217338562
50000,dataV1_50000,2,lr,train,40000,0.7560741107509102,7.858902372797433,9.954938786623968,0.087496129734997,0.5484,0.4735486540106428,0.1698642801493406,0.0473255552351474
50000,dataV1_50000,2,lr,test,10000,0.7555814394843834,7.841771069344561,9.969300204761842,0.0890705482660672,0.55,0.4867507649527808,0.1698642801493406,0.0245916713029146
50000,dataV1_50000,2,mpr,train,40000,0.8912243270197971,5.26981529756479,6.647763105365305,0.0586708449962679,0.73055,0.6181277304625538,0.2417516279965639,0.1165804862976074
50000,dataV1_50000,2,mpr,test,10000,0.885025030609927,5.273989586377743,6.837529835247435,0.0599044705404105,0.7308,0.6233280035588641,0.2417516279965639,0.0780376847833395
50000,dataV1_50000,2,svm,train,40000,0.9851662328466668,1.7773723895297249,2.454908865073223,0.0197881584227312,0.903675,0.8272532289849494,150.72811839170754,131.80180273205042
50000,dataV1_50000,2,svm,test,10000,0.9841010796087012,1.8193907693092832,2.5426196583956227,0.0206655016959255,0.9007,0.8174139331613861,150.72811839170754,31.85968425311148
50000,dataV1_50000,2,rf,train,40000,0.9998247627982032,0.1448552766666673,0.266822715824155,0.0016127285311363,0.991725,0.9818270563623844,10.473499616608024,1.3503724224865437
50000,dataV1_50000,2,rf,test,10000,0.9985956392304784,0.4042977266666662,0.7556782588553578,0.0045922049825836,0.9791,0.9786487993975836,10.473499616608024,0.5304249245673418
50000,dataV1_50000,2,xgboost,train,40000,0.9997229178521092,0.2229511385383605,0.335516527400403,0.0024821992711908,0.987675,0.981456815799088,2.0905711874365807,0.318242447450757
50000,dataV1_50000,2,xgboost,test,10000,0.9995770197711904,0.2592205567626953,0.4147225182526262,0.0029443498042105,0.9876,0.9880863797595428,2.0905711874365807,0.1054881382733583
50000,dataV1_50000,2,lightgbm,train,40000,0.9995486240186884,0.2750464514366064,0.4282317545031327,0.0030621960747785,0.985525,0.9745501979012215,10.535325510427356,0.1574032474309206
50000,dataV1_50000,2,lightgbm,test,10000,0.9993857028345878,0.3083200590832367,0.4997891672598449,0.0035020451963111,0.9865,0.980791255383236,10.535325510427356,0.0509069859981536
50000,dataV1_50000,3,lr,train,40000,0.7576055921839269,7.824338933993431,9.923067519880226,0.0887515759300525,0.551225,0.4783797456367982,0.1861196085810661,0.0569498613476753
50000,dataV1_50000,3,lr,test,10000,0.749501121948666,7.93924311618839,10.094873702981772,0.0884004355437967,0.5427,0.4654661383010197,0.1861196085810661,0.0183350723236799
50000,dataV1_50000,3,mpr,train,40000,0.8891556232419463,5.314749742432873,6.710292962100818,0.0602852738479227,0.7302,0.6170681848410379,25.78727051615715,72.49731509760022
50000,dataV1_50000,3,mpr,test,10000,0.893343982273688,5.357952095367818,6.587045743602263,0.0596587473039507,0.7245,0.6212965439695451,25.78727051615715,0.0471517983824014
50000,dataV1_50000,3,svm,train,40000,0.9851887805083788,1.7742756331338878,2.452901209255188,0.0201256310473444,0.904375,0.8255523444395335,141.38661276362836,118.76894694007932
50000,dataV1_50000,3,svm,test,10000,0.9850444514602708,1.783662919600467,2.466602518968123,0.0198604044048598,0.9015,0.816777713592888,141.38661276362836,23.81935532391072
50000,dataV1_50000,3,rf,train,40000,0.9998295716516924,0.144453656666669,0.2631210332484321,0.0016385396627344,0.9923,0.9859143078728024,11.10311746224761,0.7492449171841145
50000,dataV1_50000,3,rf,test,10000,0.9986030103128516,0.3983910366666666,0.7538667649126647,0.0044359318190253,0.9793,0.972551025065674,11.10311746224761,0.3692915085703134
50000,dataV1_50000,3,xgboost,train,40000,0.9997300710815986,0.2229114652519226,0.3311382548139193,0.0025284875822586,0.98755,0.9838809776184586,7.429619928821921,0.0978508368134498
50000,dataV1_50000,3,xgboost,test,10000,0.9995952205029704,0.2603439878997802,0.4057955222766786,0.0028988307304284,0.986,0.9666531170862176,7.429619928821921,0.0670705400407314
50000,dataV1_50000,3,lightgbm,train,40000,0.9995353871166756,0.2803771092519087,0.4344404676218719,0.003180321112204,0.9861,0.9759309760312482,5.243807589635253,0.2146529518067836
50000,dataV1_50000,3,lightgbm,test,10000,0.9993625622376724,0.3142412278059049,0.509233412294506,0.0034989558824841,0.983,0.969116520404876,5.243807589635253,0.0578035600483417
50000,dataV1_50000,4,lr,train,40000,0.7557834040055529,7.864229550251608,9.96550266910324,0.087555439214558,0.54625,0.4755181879872778,0.183685852214694,0.0575260035693645
50000,dataV1_50000,4,lr,test,10000,0.7567890506711578,7.858625552028135,9.926094088052604,0.0892315834225972,0.5514,0.4658132920708728,0.183685852214694,0.037676503881812
50000,dataV1_50000,4,mpr,train,40000,0.8890785429477092,5.330147588420694,6.716134824961621,0.0593425471879391,0.72725,0.6163138484523014,112.83007289096712,0.0564993321895599
50000,dataV1_50000,4,mpr,test,10000,0.8936437920172863,5.29083418364614,6.563995102502312,0.0600753285301026,0.7341,0.6289925199374238,112.83007289096712,0.0779509004205465
50000,dataV1_50000,4,svm,train,40000,0.9850745234392868,1.778258188730188,2.463631375563319,0.0197980203599442,0.903475,0.8181455758686041,115.34544432349504,97.5047198254615
50000,dataV1_50000,4,svm,test,10000,0.9847524300117688,1.792956369194442,2.4853476352773245,0.0203583100850964,0.9036,0.8208825126782425,115.34544432349504,20.863991709426045
50000,dataV1_50000,4,rf,train,40000,0.9998295076873231,0.1439568158333341,0.2633079815894206,0.0016027256271802,0.9916,0.988076215706872,9.610189527273178,1.1238551177084446
50000,dataV1_50000,4,rf,test,10000,0.9987661408643628,0.3875954133333316,0.7070003300432975,0.0044009925438098,0.9791,0.9502764089036528,9.610189527273178,0.3805100005120039
50000,dataV1_50000,4,xgboost,train,40000,0.999672178007264,0.2378875556182861,0.3651158327824079,0.0026484920465184,0.98655,0.98092326243272,7.876693684607744,0.1251317672431469
50000,dataV1_50000,4,xgboost,test,10000,0.9995477267745632,0.275023292098999,0.428042867893872,0.0031227806528783,0.9847,0.9787918706829514,7.876693684607744,0.1921778433024883
50000,dataV1_50000,4,lightgbm,train,40000,0.9995770409875916,0.2727147316446239,0.4147255241453177,0.0030362361572547,0.986325,0.9750854733090292,17.101044522598386,0.2052980847656726
50000,dataV1_50000,4,lightgbm,test,10000,0.9994530954753492,0.3023260035992188,0.4706982506243963,0.0034327921380631,0.9858,0.9795639151184616,17.101044522598386,0.0634405296295881
50000,dataV1_50000,5,lr,train,40000,0.7563301215660677,7.840817387351632,9.95134579852115,0.0872947827583125,0.549475,0.4752120158794258,0.1810142192989587,0.0610341280698776
50000,dataV1_50000,5,lr,test,10000,0.7546023180802577,7.904280744920737,9.982709847631073,0.0912207818225128,0.5443,0.4695776490327362,0.1810142192989587,0.0404600836336612
50000,dataV1_50000,5,mpr,train,40000,0.8929394498637317,5.2347947418993295,6.596227560873142,0.0582809479169375,0.732375,0.6209325049472939,11.526183303445578,2.921039430424571
50000,dataV1_50000,5,mpr,test,10000,0.8773809709154561,5.324287573160047,7.056545673143731,0.0614459039025971,0.7294,0.6079270392139002,11.526183303445578,0.0126282684504985
50000,dataV1_50000,5,svm,train,40000,0.985250810121332,1.7672815615810673,2.4483019461627373,0.0196758134221895,0.904275,0.8318925338918103,112.70285910740496,139.24846388585863
50000,dataV1_50000,5,svm,test,10000,0.9842834570535292,1.7996505322475012,2.526339614581376,0.0207691925244951,0.9038,0.7805264392424957,112.70285910740496,37.61684554815293
50000,dataV1_50000,5,rf,train,40000,0.9998224002660708,0.1448319816666675,0.2686594057856742,0.0016124691790989,0.99205,0.986693584467514,12.820668771862984,1.3939677514135838
50000,dataV1_50000,5,rf,test,10000,0.9988722810187024,0.3795990833333337,0.6767272512368294,0.0043808318907482,0.9786,0.9793021215542504,12.820668771862984,0.8821584209799767
50000,dataV1_50000,5,xgboost,train,40000,0.9996637958946596,0.2393633016471862,0.3696429270393014,0.0026649220846936,0.98775,0.9787151242570744,4.169433766975999,0.2087823040783405
50000,dataV1_50000,5,xgboost,test,10000,0.9994896243546842,0.2826610189056396,0.4552586344145654,0.0032621006221077,0.9833,0.984934973426855,4.169433766975999,0.0835149101912975
50000,dataV1_50000,5,lightgbm,train,40000,0.9995503371400124,0.2791352671287968,0.4274884680237377,0.0031077184049075,0.985375,0.9697315074015572,8.458334777504206,0.2509736530482769
50000,dataV1_50000,5,lightgbm,test,10000,0.9994157003638348,0.3056368173221983,0.4871144672554085,0.0035272569800599,0.9825,0.9780393190108712,8.458334777504206,0.0662139225751161
