source,missing_set,experiment_mode,experiment,model_type,stress_scenario,n_seed_window_cases,severity_monotonicity_rate_delta,severity_monotonicity_rate_drop,mean_delta_low_30pct,mean_score_drop_low_30pct,mean_delta_medium_100pct,mean_score_drop_medium_100pct,mean_delta_high_300pct,mean_score_drop_high_300pct
external_10714,complete,full_reference,full_reference,lightgbm,ammonia_pollution,535,1.0,1.0,-0.5911568476466311,0.5911568476466311,-1.530653587471101,1.530653587471101,-3.049990007247035,3.049990007247035
external_10714,complete,full_reference,full_reference,lightgbm,combined_pollution,535,1.0,1.0,-9.50534052099927,9.50534052099927,-19.576849535428863,19.576849535428863,-27.766943497578843,27.766943497578843
external_10714,complete,full_reference,full_reference,lightgbm,conductivity_event,535,0.9794392523364486,0.9794392523364486,-0.0105886699629259,0.0105886699629259,-0.0258180805440448,0.0258180805440448,-0.049002421296407,0.049002421296407
external_10714,complete,full_reference,full_reference,lightgbm,organic_pollution,535,1.0,1.0,-7.943024225389079,7.943024225389079,-15.54661094338314,15.54661094338314,-19.89497046506317,19.89497046506317
external_10714,complete,full_reference,full_reference,lightgbm,suspended_solids_event,535,1.0,1.0,-0.9725219355691715,0.9725219355691715,-2.526420701629708,2.526420701629708,-4.736447603881123,4.736447603881123
external_10714,complete,full_reference,full_reference,lr,ammonia_pollution,535,1.0,1.0,-1.0993905728750253,1.0993905728750253,-3.626378458959696,3.626378458959696,-9.2597436403979,9.2597436403979
external_10714,complete,full_reference,full_reference,lr,combined_pollution,535,1.0,1.0,-18.275345051309912,18.275345051309912,-40.42887502317721,40.42887502317721,-60.57184394274916,60.57184394274916
external_10714,complete,full_reference,full_reference,lr,conductivity_event,535,1.0,1.0,-0.08108947823541,0.08108947823541,-0.2274879047321381,0.2274879047321381,-0.4900480369034302,0.4900480369034302
external_10714,complete,full_reference,full_reference,lr,organic_pollution,535,1.0,1.0,-16.838399671115393,16.838399671115393,-35.72554930375975,35.72554930375975,-48.60050256930548,48.60050256930548
external_10714,complete,full_reference,full_reference,lr,suspended_solids_event,535,1.0,1.0,-0.2564653290840822,0.2564653290840822,-0.849459355725626,0.849459355725626,-2.221549696142347,2.221549696142347
external_10714,complete,full_reference,full_reference,mpr,ammonia_pollution,535,0.1271028037383177,0.1271028037383177,-0.1591583077566136,0.1591583077566136,1.0580773194257254,-1.0580773194257254,6.570519469982392,-6.570519469982392
external_10714,complete,full_reference,full_reference,mpr,combined_pollution,535,0.0,0.0,68.63254307304005,-68.63254307304005,279.71740507978035,-279.71740507978035,410.4330787516055,-410.4330787516055
external_10714,complete,full_reference,full_reference,mpr,conductivity_event,535,0.6710280373831776,0.6710280373831776,-0.020876630318809,0.020876630318809,-0.0733987858305538,0.0733987858305538,-0.4267177625119175,0.4267177625119175
external_10714,complete,full_reference,full_reference,mpr,organic_pollution,535,0.0,0.0,69.08889175420151,-69.08889175420151,278.92318562965187,-278.92318562965187,404.08318795146505,-404.08318795146505
external_10714,complete,full_reference,full_reference,mpr,suspended_solids_event,535,0.4803738317757009,0.4803738317757009,-0.3091498242033952,0.3091498242033952,-0.1977034333686496,0.1977034333686496,1.0331579176135892,-1.0331579176135892
external_10714,complete,full_reference,full_reference,rf,ammonia_pollution,535,1.0,1.0,-0.5606812108139819,0.5606812108139819,-1.4720955457512106,1.4720955457512106,-2.9824531876746576,2.9824531876746576
external_10714,complete,full_reference,full_reference,rf,combined_pollution,535,1.0,1.0,-8.981802086400796,8.981802086400796,-19.439575588532133,19.439575588532133,-27.41354839677372,27.41354839677372
external_10714,complete,full_reference,full_reference,rf,conductivity_event,535,0.8785046728971962,0.8785046728971962,-0.0139755546343422,0.0139755546343422,-0.0308495714999541,0.0308495714999541,-0.0428851041670522,0.0428851041670522
external_10714,complete,full_reference,full_reference,rf,organic_pollution,535,1.0,1.0,-7.478162553240188,7.478162553240188,-15.794345159760656,15.794345159760656,-20.310272275667025,20.310272275667025
external_10714,complete,full_reference,full_reference,rf,suspended_solids_event,535,1.0,1.0,-0.9585987586194132,0.9585987586194132,-2.4698860356805783,2.4698860356805783,-4.575730563375591,4.575730563375591
external_10714,complete,full_reference,full_reference,svm,ammonia_pollution,535,0.4018691588785046,0.4018691588785046,-0.386270011441456,0.386270011441456,-0.5916220316488886,0.5916220316488886,-0.0828372979775657,0.0828372979775657
external_10714,complete,full_reference,full_reference,svm,combined_pollution,535,0.0,0.0,-4.9038973278551,4.9038973278551,6.69273543259186,-6.69273543259186,12.728949044528177,-12.728949044528177
external_10714,complete,full_reference,full_reference,svm,conductivity_event,535,0.3252336448598131,0.3252336448598131,0.0944372541282982,-0.0944372541282982,0.3129174944047218,-0.3129174944047218,0.4038361313623065,-0.4038361313623065
external_10714,complete,full_reference,full_reference,svm,organic_pollution,535,0.0,0.0,-4.599316320674076,4.599316320674076,6.72043509674153,-6.72043509674153,11.763260888686712,-11.763260888686712
external_10714,complete,full_reference,full_reference,svm,suspended_solids_event,535,0.9626168224299064,0.9626168224299064,-0.7309125711393971,0.7309125711393971,-1.980133600203403,1.980133600203403,-4.018045503640916,4.018045503640916
external_10714,complete,full_reference,full_reference,xgboost,ammonia_pollution,535,1.0,1.0,-0.5337754591046092,0.5337754591046092,-1.5232050045628414,1.5232050045628414,-3.072444954096714,3.072444954096714
external_10714,complete,full_reference,full_reference,xgboost,combined_pollution,535,1.0,1.0,-9.24140142102108,9.24140142102108,-19.5063036125397,19.5063036125397,-28.48120295087868,28.48120295087868
external_10714,complete,full_reference,full_reference,xgboost,conductivity_event,535,0.9532710280373832,0.9532710280373832,-0.0221748931365246,0.0221748931365246,-0.0531569313982536,0.0531569313982536,-0.0985380128530837,0.0985380128530837
external_10714,complete,full_reference,full_reference,xgboost,organic_pollution,535,1.0,1.0,-7.773874892475449,7.773874892475449,-15.561208858668246,15.561208858668246,-20.62518086656232,20.62518086656232
external_10714,complete,full_reference,full_reference,xgboost,suspended_solids_event,535,1.0,1.0,-0.9696293659299332,0.9696293659299332,-2.5364193403832265,2.5364193403832265,-4.777808073525117,4.777808073525117
external_10714,missing_bod,indicator_reconstruction,indicator_reconstruction_missing_bod,lightgbm,ammonia_pollution,535,1.0,1.0,-1.1879226544747838,1.1879226544747838,-3.2518498843703862,3.2518498843703862,-6.607644993005039,6.607644993005039
external_10714,missing_bod,indicator_reconstruction,indicator_reconstruction_missing_bod,lightgbm,combined_pollution,535,1.0,1.0,-9.92408831872764,9.92408831872764,-21.46525298854156,21.46525298854156,-33.61128268564952,33.61128268564952
external_10714,missing_bod,indicator_reconstruction,indicator_reconstruction_missing_bod,lightgbm,conductivity_event,535,0.3607476635514018,0.3607476635514018,0.1469136682041794,-0.1469136682041794,-0.002493648042831,0.002493648042831,-0.0967529149335759,0.0967529149335759
external_10714,missing_bod,indicator_reconstruction,indicator_reconstruction_missing_bod,lightgbm,organic_pollution,535,1.0,1.0,-7.89315798382118,7.89315798382118,-15.642908491537868,15.642908491537868,-22.204652239366368,22.204652239366368
external_10714,missing_bod,indicator_reconstruction,indicator_reconstruction_missing_bod,lightgbm,suspended_solids_event,535,1.0,1.0,-1.0102468433748748,1.0102468433748748,-2.5870501346857604,2.5870501346857604,-4.945943600351515,4.945943600351515
external_10714,missing_bod,indicator_reconstruction,indicator_reconstruction_missing_bod,lr,ammonia_pollution,535,1.0,1.0,-1.1858659503973468,1.1858659503973468,-3.9115843450180847,3.9115843450180847,-9.988390278325085,9.988390278325085
external_10714,missing_bod,indicator_reconstruction,indicator_reconstruction_missing_bod,lr,combined_pollution,535,1.0,1.0,-13.001101896764542,13.001101896764542,-24.1093524139436,24.1093524139436,-39.45388973999241,39.45388973999241
external_10714,missing_bod,indicator_reconstruction,indicator_reconstruction_missing_bod,lr,conductivity_event,535,1.0,1.0,-0.0734692612166368,0.0734692612166368,-0.2060465670452486,0.2060465670452486,-0.4438310879449672,0.4438310879449672
external_10714,missing_bod,indicator_reconstruction,indicator_reconstruction_missing_bod,lr,organic_pollution,535,1.0,1.0,-11.484945147211247,11.484945147211247,-19.141591883568427,19.141591883568427,-26.798269406471835,26.798269406471835
external_10714,missing_bod,indicator_reconstruction,indicator_reconstruction_missing_bod,lr,suspended_solids_event,535,1.0,1.0,-0.2566309426878509,0.2566309426878509,-0.8501878087956417,0.8501878087956417,-2.2233816946801364,2.2233816946801364
external_10714,missing_bod,indicator_reconstruction,indicator_reconstruction_missing_bod,mpr,ammonia_pollution,535,0.1514018691588785,0.1514018691588785,-0.3681657848512591,0.3681657848512591,1.2446567810263127,-1.2446567810263127,9.286227932775136,-9.286227932775136
external_10714,missing_bod,indicator_reconstruction,indicator_reconstruction_missing_bod,mpr,combined_pollution,535,0.1252336448598131,0.1252336448598131,-11.622581493576591,11.622581493576591,-16.78811882857427,16.78811882857427,-4.079176555773967,4.079176555773967
external_10714,missing_bod,indicator_reconstruction,indicator_reconstruction_missing_bod,mpr,conductivity_event,535,0.6355140186915887,0.6355140186915887,-0.0050146655763531,0.0050146655763531,-0.0314772389124698,0.0314772389124698,-0.2242750174197332,0.2242750174197332
external_10714,missing_bod,indicator_reconstruction,indicator_reconstruction_missing_bod,mpr,organic_pollution,535,0.9813084112149532,0.9813084112149532,-11.068710114460698,11.068710114460698,-18.85899806453725,18.85899806453725,-23.031131779467728,23.031131779467728
external_10714,missing_bod,indicator_reconstruction,indicator_reconstruction_missing_bod,mpr,suspended_solids_event,535,0.8672897196261682,0.8672897196261682,-0.3636444739397166,0.3636444739397166,-1.0846291831938424,1.0846291831938424,-2.578097713532303,2.578097713532303
external_10714,missing_bod,indicator_reconstruction,indicator_reconstruction_missing_bod,rf,ammonia_pollution,535,1.0,1.0,-1.1804971146417875,1.1804971146417875,-3.3015976688989768,3.3015976688989768,-6.890209779473666,6.890209779473666
external_10714,missing_bod,indicator_reconstruction,indicator_reconstruction_missing_bod,rf,combined_pollution,535,1.0,1.0,-9.801627649976783,9.801627649976783,-21.50525019371889,21.50525019371889,-33.75174645753555,33.75174645753555
external_10714,missing_bod,indicator_reconstruction,indicator_reconstruction_missing_bod,rf,conductivity_event,535,0.5962616822429907,0.5962616822429907,0.0107512458589307,-0.0107512458589307,-0.3470239779638561,0.3470239779638561,-1.0268666564515347,1.0268666564515347
external_10714,missing_bod,indicator_reconstruction,indicator_reconstruction_missing_bod,rf,organic_pollution,535,1.0,1.0,-7.757771897356687,7.757771897356687,-15.402873792283604,15.402873792283604,-20.739569309088576,20.739569309088576
external_10714,missing_bod,indicator_reconstruction,indicator_reconstruction_missing_bod,rf,suspended_solids_event,535,1.0,1.0,-1.018531098362936,1.018531098362936,-2.7631663128343624,2.7631663128343624,-5.389527640147348,5.389527640147348
external_10714,missing_bod,indicator_reconstruction,indicator_reconstruction_missing_bod,svm,ammonia_pollution,535,0.9420560747663552,0.9420560747663552,-1.1728335294767849,1.1728335294767849,-2.9399214757794394,2.9399214757794394,-5.523655316256124,5.523655316256124
external_10714,missing_bod,indicator_reconstruction,indicator_reconstruction_missing_bod,svm,combined_pollution,535,1.0,1.0,-10.404524219361605,10.404524219361605,-22.83524062959164,22.83524062959164,-33.04501826501504,33.04501826501504
external_10714,missing_bod,indicator_reconstruction,indicator_reconstruction_missing_bod,svm,conductivity_event,535,0.719626168224299,0.719626168224299,-0.1137760170806202,0.1137760170806202,-0.3111843022375287,0.3111843022375287,-0.58326537173154,0.58326537173154
external_10714,missing_bod,indicator_reconstruction,indicator_reconstruction_missing_bod,svm,organic_pollution,535,1.0,1.0,-8.502255608363926,8.502255608363926,-19.2827881697457,19.2827881697457,-29.784101107270683,29.784101107270683
external_10714,missing_bod,indicator_reconstruction,indicator_reconstruction_missing_bod,svm,suspended_solids_event,535,1.0,1.0,-0.8854643210706441,0.8854643210706441,-2.5889473825703124,2.5889473825703124,-5.603558879774725,5.603558879774725
external_10714,missing_bod,indicator_reconstruction,indicator_reconstruction_missing_bod,xgboost,ammonia_pollution,535,1.0,1.0,-1.0509371849978082,1.0509371849978082,-3.256315267865903,3.256315267865903,-6.589644990457552,6.589644990457552
external_10714,missing_bod,indicator_reconstruction,indicator_reconstruction_missing_bod,xgboost,combined_pollution,535,1.0,1.0,-9.829420993484067,9.829420993484067,-22.019202690481027,22.019202690481027,-34.70418198487469,34.70418198487469
external_10714,missing_bod,indicator_reconstruction,indicator_reconstruction_missing_bod,xgboost,conductivity_event,535,0.4672897196261682,0.4672897196261682,0.1527490260771467,-0.1527490260771467,0.0093119998366754,-0.0093119998366754,-0.3432757256467169,0.3432757256467169
external_10714,missing_bod,indicator_reconstruction,indicator_reconstruction_missing_bod,xgboost,organic_pollution,535,1.0,1.0,-7.89700723095475,7.89700723095475,-16.079980855567435,16.079980855567435,-22.46731679684648,22.46731679684648
external_10714,missing_bod,indicator_reconstruction,indicator_reconstruction_missing_bod,xgboost,suspended_solids_event,535,1.0,1.0,-1.0058884841120133,1.0058884841120133,-2.666322842936649,2.666322842936649,-5.151775118123705,5.151775118123705
external_10714,missing_bod,inference_dropout,inference_dropout_missing_bod,lightgbm,ammonia_pollution,535,1.0,1.0,-0.5911568476466311,0.5911568476466311,-1.530653587471101,1.530653587471101,-3.049990007247035,3.049990007247035
external_10714,missing_bod,inference_dropout,inference_dropout_missing_bod,lightgbm,combined_pollution,535,1.0,1.0,-9.50534052099927,9.50534052099927,-19.576849535428863,19.576849535428863,-27.766943497578843,27.766943497578843
external_10714,missing_bod,inference_dropout,inference_dropout_missing_bod,lightgbm,conductivity_event,535,0.9794392523364486,0.9794392523364486,-0.0105886699629259,0.0105886699629259,-0.0258180805440448,0.0258180805440448,-0.049002421296407,0.049002421296407
external_10714,missing_bod,inference_dropout,inference_dropout_missing_bod,lightgbm,organic_pollution,535,1.0,1.0,-7.943024225389079,7.943024225389079,-15.54661094338314,15.54661094338314,-19.89497046506317,19.89497046506317
external_10714,missing_bod,inference_dropout,inference_dropout_missing_bod,lightgbm,suspended_solids_event,535,1.0,1.0,-0.9725219355691715,0.9725219355691715,-2.526420701629708,2.526420701629708,-4.736447603881123,4.736447603881123
external_10714,missing_bod,inference_dropout,inference_dropout_missing_bod,lr,ammonia_pollution,535,1.0,1.0,-1.0993905728750253,1.0993905728750253,-3.626378458959696,3.626378458959696,-9.2597436403979,9.2597436403979
external_10714,missing_bod,inference_dropout,inference_dropout_missing_bod,lr,combined_pollution,535,1.0,1.0,-18.275345051309912,18.275345051309912,-40.42887502317721,40.42887502317721,-60.57184394274916,60.57184394274916
external_10714,missing_bod,inference_dropout,inference_dropout_missing_bod,lr,conductivity_event,535,1.0,1.0,-0.08108947823541,0.08108947823541,-0.2274879047321381,0.2274879047321381,-0.4900480369034302,0.4900480369034302
external_10714,missing_bod,inference_dropout,inference_dropout_missing_bod,lr,organic_pollution,535,1.0,1.0,-16.838399671115393,16.838399671115393,-35.72554930375975,35.72554930375975,-48.60050256930548,48.60050256930548
external_10714,missing_bod,inference_dropout,inference_dropout_missing_bod,lr,suspended_solids_event,535,1.0,1.0,-0.2564653290840822,0.2564653290840822,-0.849459355725626,0.849459355725626,-2.221549696142347,2.221549696142347
external_10714,missing_bod,inference_dropout,inference_dropout_missing_bod,mpr,ammonia_pollution,535,0.1271028037383177,0.1271028037383177,-0.1591583077566136,0.1591583077566136,1.0580773194257254,-1.0580773194257254,6.570519469982392,-6.570519469982392
external_10714,missing_bod,inference_dropout,inference_dropout_missing_bod,mpr,combined_pollution,535,0.0,0.0,68.63254307304005,-68.63254307304005,279.71740507978035,-279.71740507978035,410.4330787516055,-410.4330787516055
external_10714,missing_bod,inference_dropout,inference_dropout_missing_bod,mpr,conductivity_event,535,0.6710280373831776,0.6710280373831776,-0.020876630318809,0.020876630318809,-0.0733987858305538,0.0733987858305538,-0.4267177625119175,0.4267177625119175
external_10714,missing_bod,inference_dropout,inference_dropout_missing_bod,mpr,organic_pollution,535,0.0,0.0,69.08889175420151,-69.08889175420151,278.92318562965187,-278.92318562965187,404.08318795146505,-404.08318795146505
external_10714,missing_bod,inference_dropout,inference_dropout_missing_bod,mpr,suspended_solids_event,535,0.4803738317757009,0.4803738317757009,-0.3091498242033952,0.3091498242033952,-0.1977034333686496,0.1977034333686496,1.0331579176135892,-1.0331579176135892
external_10714,missing_bod,inference_dropout,inference_dropout_missing_bod,rf,ammonia_pollution,535,1.0,1.0,-0.5606812108139817,0.5606812108139817,-1.4720955457512106,1.4720955457512106,-2.982453187674658,2.982453187674658
external_10714,missing_bod,inference_dropout,inference_dropout_missing_bod,rf,combined_pollution,535,1.0,1.0,-8.981802086400796,8.981802086400796,-19.439575588532133,19.439575588532133,-27.41354839677372,27.41354839677372
external_10714,missing_bod,inference_dropout,inference_dropout_missing_bod,rf,conductivity_event,535,0.8785046728971962,0.8785046728971962,-0.0139755546343421,0.0139755546343421,-0.030849571499954,0.030849571499954,-0.0428851041670521,0.0428851041670521
external_10714,missing_bod,inference_dropout,inference_dropout_missing_bod,rf,organic_pollution,535,1.0,1.0,-7.478162553240188,7.478162553240188,-15.794345159760656,15.794345159760656,-20.310272275667025,20.310272275667025
external_10714,missing_bod,inference_dropout,inference_dropout_missing_bod,rf,suspended_solids_event,535,1.0,1.0,-0.9585987586194132,0.9585987586194132,-2.4698860356805783,2.4698860356805783,-4.575730563375591,4.575730563375591
external_10714,missing_bod,inference_dropout,inference_dropout_missing_bod,svm,ammonia_pollution,535,0.4018691588785046,0.4018691588785046,-0.386270011441456,0.386270011441456,-0.5916220316488886,0.5916220316488886,-0.0828372979775657,0.0828372979775657
external_10714,missing_bod,inference_dropout,inference_dropout_missing_bod,svm,combined_pollution,535,0.0,0.0,-4.9038973278551,4.9038973278551,6.69273543259186,-6.69273543259186,12.728949044528177,-12.728949044528177
external_10714,missing_bod,inference_dropout,inference_dropout_missing_bod,svm,conductivity_event,535,0.3252336448598131,0.3252336448598131,0.0944372541282982,-0.0944372541282982,0.3129174944047218,-0.3129174944047218,0.4038361313623065,-0.4038361313623065
external_10714,missing_bod,inference_dropout,inference_dropout_missing_bod,svm,organic_pollution,535,0.0,0.0,-4.599316320674076,4.599316320674076,6.72043509674153,-6.72043509674153,11.763260888686712,-11.763260888686712
external_10714,missing_bod,inference_dropout,inference_dropout_missing_bod,svm,suspended_solids_event,535,0.9626168224299064,0.9626168224299064,-0.7309125711393971,0.7309125711393971,-1.980133600203403,1.980133600203403,-4.018045503640916,4.018045503640916
external_10714,missing_bod,inference_dropout,inference_dropout_missing_bod,xgboost,ammonia_pollution,535,1.0,1.0,-0.5337754591046092,0.5337754591046092,-1.5232050045628414,1.5232050045628414,-3.072444954096714,3.072444954096714
external_10714,missing_bod,inference_dropout,inference_dropout_missing_bod,xgboost,combined_pollution,535,1.0,1.0,-9.24140142102108,9.24140142102108,-19.5063036125397,19.5063036125397,-28.48120295087868,28.48120295087868
external_10714,missing_bod,inference_dropout,inference_dropout_missing_bod,xgboost,conductivity_event,535,0.9532710280373832,0.9532710280373832,-0.0221748931365246,0.0221748931365246,-0.0531569313982536,0.0531569313982536,-0.0985380128530837,0.0985380128530837
external_10714,missing_bod,inference_dropout,inference_dropout_missing_bod,xgboost,organic_pollution,535,1.0,1.0,-7.773874892475449,7.773874892475449,-15.561208858668246,15.561208858668246,-20.62518086656232,20.62518086656232
external_10714,missing_bod,inference_dropout,inference_dropout_missing_bod,xgboost,suspended_solids_event,535,1.0,1.0,-0.9696293659299332,0.9696293659299332,-2.5364193403832265,2.5364193403832265,-4.777808073525117,4.777808073525117
external_10714,missing_bod,reduced_retraining,reduced_retraining_missing_bod,lightgbm,ammonia_pollution,535,1.0,1.0,-1.1635778001268935,1.1635778001268935,-3.129275493141679,3.129275493141679,-6.303897439695759,6.303897439695759
external_10714,missing_bod,reduced_retraining,reduced_retraining_missing_bod,lightgbm,combined_pollution,535,1.0,1.0,-10.14278115538744,10.14278115538744,-21.66326128987414,21.66326128987414,-33.31537768400134,33.31537768400134
external_10714,missing_bod,reduced_retraining,reduced_retraining_missing_bod,lightgbm,conductivity_event,535,0.5177570093457944,0.5177570093457944,0.0612044241633339,-0.0612044241633339,-0.0325802697653045,0.0325802697653045,-0.1571330916295835,0.1571330916295835
external_10714,missing_bod,reduced_retraining,reduced_retraining_missing_bod,lightgbm,organic_pollution,535,1.0,1.0,-8.077996976991987,8.077996976991987,-15.729018193829647,15.729018193829647,-21.75985929490474,21.75985929490474
external_10714,missing_bod,reduced_retraining,reduced_retraining_missing_bod,lightgbm,suspended_solids_event,535,1.0,1.0,-1.0063713104869736,1.0063713104869736,-2.60787360094546,2.60787360094546,-4.91654504074018,4.91654504074018
external_10714,missing_bod,reduced_retraining,reduced_retraining_missing_bod,lr,ammonia_pollution,535,1.0,1.0,-1.1868687726602845,1.1868687726602845,-3.9149283766656913,3.9149283766656913,-9.996538846870068,9.996538846870068
external_10714,missing_bod,reduced_retraining,reduced_retraining_missing_bod,lr,combined_pollution,535,1.0,1.0,-12.996722066099812,12.996722066099812,-24.103673096591823,24.103673096591823,-39.44867085311096,39.44867085311096
external_10714,missing_bod,reduced_retraining,reduced_retraining_missing_bod,lr,conductivity_event,535,1.0,1.0,-0.0731769728496276,0.0731769728496276,-0.2052902126201252,0.2052902126201252,-0.442230393780438,0.442230393780438
external_10714,missing_bod,reduced_retraining,reduced_retraining_missing_bod,lr,organic_pollution,535,1.0,1.0,-11.480022499735576,11.480022499735576,-19.133370832892624,19.133370832892624,-26.78671916604968,26.78671916604968
external_10714,missing_bod,reduced_retraining,reduced_retraining_missing_bod,lr,suspended_solids_event,535,1.0,1.0,-0.2566538208543232,0.2566538208543232,-0.8500836744133815,0.8500836744133815,-2.2231824464107746,2.2231824464107746
external_10714,missing_bod,reduced_retraining,reduced_retraining_missing_bod,mpr,ammonia_pollution,535,0.1551401869158878,0.1551401869158878,-0.3763129377977255,0.3763129377977255,1.0274807720930443,-1.0274807720930443,8.120367866474195,-8.120367866474195
external_10714,missing_bod,reduced_retraining,reduced_retraining_missing_bod,mpr,combined_pollution,535,0.6990654205607477,0.6990654205607477,-10.241845482480697,10.241845482480697,-17.153022945382087,17.153022945382087,-19.402442545586396,19.402442545586396
external_10714,missing_bod,reduced_retraining,reduced_retraining_missing_bod,mpr,conductivity_event,535,0.6242990654205608,0.6242990654205608,0.0014980544973102,-0.0014980544973102,-0.0113435545658323,0.0113435545658323,-0.3258108381121422,0.3258108381121422
external_10714,missing_bod,reduced_retraining,reduced_retraining_missing_bod,mpr,organic_pollution,535,1.0,1.0,-9.745749414971495,9.745749414971495,-18.707678502951687,18.707678502951687,-29.641417839997903,29.641417839997903
external_10714,missing_bod,reduced_retraining,reduced_retraining_missing_bod,mpr,suspended_solids_event,535,0.4504672897196262,0.4504672897196262,-0.2486625152639002,0.2486625152639002,-0.0021025709428982,0.0021025709428982,1.5322073060980803,-1.5322073060980803
external_10714,missing_bod,reduced_retraining,reduced_retraining_missing_bod,rf,ammonia_pollution,535,1.0,1.0,-1.100679521307266,1.100679521307266,-3.002448929361877,3.002448929361877,-6.034950275363471,6.034950275363471
external_10714,missing_bod,reduced_retraining,reduced_retraining_missing_bod,rf,combined_pollution,535,1.0,1.0,-10.08865813575249,10.08865813575249,-21.54302364793492,21.54302364793492,-32.59366144392518,32.59366144392518
external_10714,missing_bod,reduced_retraining,reduced_retraining_missing_bod,rf,conductivity_event,535,0.7700934579439253,0.7700934579439253,0.0175966953527776,-0.0175966953527776,-0.2511633236825319,0.2511633236825319,-0.6063638709847933,0.6063638709847933
external_10714,missing_bod,reduced_retraining,reduced_retraining_missing_bod,rf,organic_pollution,535,1.0,1.0,-7.976111030484813,7.976111030484813,-15.999857870667103,15.999857870667103,-21.78977305938431,21.78977305938431
external_10714,missing_bod,reduced_retraining,reduced_retraining_missing_bod,rf,suspended_solids_event,535,1.0,1.0,-1.0050838344142763,1.0050838344142763,-2.626430699464179,2.626430699464179,-4.942382416720792,4.942382416720792
external_10714,missing_bod,reduced_retraining,reduced_retraining_missing_bod,svm,ammonia_pollution,535,0.8635514018691589,0.8635514018691589,-1.0931788139090073,1.0931788139090073,-2.6003289363565445,2.6003289363565445,-4.593533724459223,4.593533724459223
external_10714,missing_bod,reduced_retraining,reduced_retraining_missing_bod,svm,combined_pollution,535,1.0,1.0,-11.345401028480428,11.345401028480428,-22.77807920019656,22.77807920019656,-30.50387781336141,30.50387781336141
external_10714,missing_bod,reduced_retraining,reduced_retraining_missing_bod,svm,conductivity_event,535,0.7046728971962617,0.7046728971962617,-0.0567323581749729,0.0567323581749729,-0.1603844131548079,0.1603844131548079,-0.4999408096336687,0.4999408096336687
external_10714,missing_bod,reduced_retraining,reduced_retraining_missing_bod,svm,organic_pollution,535,1.0,1.0,-9.668442037842976,9.668442037842976,-19.624544007666497,19.624544007666497,-27.583960975185526,27.583960975185526
external_10714,missing_bod,reduced_retraining,reduced_retraining_missing_bod,svm,suspended_solids_event,535,1.0,1.0,-0.8634708871789644,0.8634708871789644,-2.508747956505007,2.508747956505007,-5.402789023546603,5.402789023546603
external_10714,missing_bod,reduced_retraining,reduced_retraining_missing_bod,xgboost,ammonia_pollution,535,1.0,1.0,-1.0469913384624732,1.0469913384624732,-3.1281559650028976,3.1281559650028976,-6.270322339779863,6.270322339779863
external_10714,missing_bod,reduced_retraining,reduced_retraining_missing_bod,xgboost,combined_pollution,535,1.0,1.0,-10.011207840821454,10.011207840821454,-21.880038512755775,21.880038512755775,-33.67291412353516,33.67291412353516
external_10714,missing_bod,reduced_retraining,reduced_retraining_missing_bod,xgboost,conductivity_event,535,0.6616822429906543,0.6616822429906543,0.0795142935195102,-0.0795142935195102,-0.102872982220376,0.102872982220376,-0.2998087908428545,0.2998087908428545
external_10714,missing_bod,reduced_retraining,reduced_retraining_missing_bod,xgboost,organic_pollution,535,1.0,1.0,-8.02185851658616,8.02185851658616,-16.00560663882817,16.00560663882817,-22.191988158894475,22.191988158894475
external_10714,missing_bod,reduced_retraining,reduced_retraining_missing_bod,xgboost,suspended_solids_event,535,1.0,1.0,-0.999451259642004,0.999451259642004,-2.61023331579761,2.61023331579761,-4.94624076602615,4.94624076602615
external_10714,missing_bod_nh3n,indicator_reconstruction,indicator_reconstruction_missing_bod_nh3n,lightgbm,ammonia_pollution,535,1.0,1.0,0.0,0.0,0.0,0.0,0.0,0.0
external_10714,missing_bod_nh3n,indicator_reconstruction,indicator_reconstruction_missing_bod_nh3n,lightgbm,combined_pollution,535,1.0,1.0,-17.710150869306467,17.710150869306467,-30.835993775865315,30.835993775865315,-41.755524692378,41.755524692378
external_10714,missing_bod_nh3n,indicator_reconstruction,indicator_reconstruction_missing_bod_nh3n,lightgbm,conductivity_event,535,1.0,1.0,-1.1938231412093872,1.1938231412093872,-4.1442578393192,4.1442578393192,-7.448339134928639,7.448339134928639
external_10714,missing_bod_nh3n,indicator_reconstruction,indicator_reconstruction_missing_bod_nh3n,lightgbm,organic_pollution,535,1.0,1.0,-15.437120265405342,15.437120265405342,-25.496180504930283,25.496180504930283,-32.601696962345294,32.601696962345294
external_10714,missing_bod_nh3n,indicator_reconstruction,indicator_reconstruction_missing_bod_nh3n,lightgbm,suspended_solids_event,535,1.0,1.0,-0.9659246470252448,0.9659246470252448,-2.351130130442184,2.351130130442184,-4.2317813372651605,4.2317813372651605
external_10714,missing_bod_nh3n,indicator_reconstruction,indicator_reconstruction_missing_bod_nh3n,lr,ammonia_pollution,535,1.0,1.0,0.0,0.0,0.0,0.0,0.0,0.0
external_10714,missing_bod_nh3n,indicator_reconstruction,indicator_reconstruction_missing_bod_nh3n,lr,combined_pollution,535,1.0,1.0,-14.919006594391004,14.919006594391004,-25.31035960025488,25.31035960025488,-36.45241496197233,36.45241496197233
external_10714,missing_bod_nh3n,indicator_reconstruction,indicator_reconstruction_missing_bod_nh3n,lr,conductivity_event,535,1.0,1.0,-0.1037850372297333,0.1037850372297333,-0.2928066238890835,0.2928066238890835,-0.6324791688861046,0.6324791688861046
external_10714,missing_bod_nh3n,indicator_reconstruction,indicator_reconstruction_missing_bod_nh3n,lr,organic_pollution,535,1.0,1.0,-14.616007547250936,14.616007547250936,-24.35999703049591,24.35999703049591,-34.105157973820994,34.105157973820994
external_10714,missing_bod_nh3n,indicator_reconstruction,indicator_reconstruction_missing_bod_nh3n,lr,suspended_solids_event,535,1.0,1.0,-0.1967822116112291,0.1967822116112291,-0.6548488459164364,0.6548488459164364,-1.713121330550173,1.713121330550173
external_10714,missing_bod_nh3n,indicator_reconstruction,indicator_reconstruction_missing_bod_nh3n,mpr,ammonia_pollution,535,1.0,1.0,0.0,0.0,0.0,0.0,0.0,0.0
external_10714,missing_bod_nh3n,indicator_reconstruction,indicator_reconstruction_missing_bod_nh3n,mpr,combined_pollution,535,0.5626168224299065,0.5626168224299065,-17.655460876165044,17.655460876165044,-29.04594943842225,29.04594943842225,-28.073309594164677,28.073309594164677
external_10714,missing_bod_nh3n,indicator_reconstruction,indicator_reconstruction_missing_bod_nh3n,mpr,conductivity_event,535,0.4186915887850467,0.4186915887850467,0.1175656873943173,-0.1175656873943173,0.7758648863072674,-0.7758648863072674,0.6483359308175188,-0.6483359308175188
external_10714,missing_bod_nh3n,indicator_reconstruction,indicator_reconstruction_missing_bod_nh3n,mpr,organic_pollution,535,1.0,1.0,-17.524299334281604,17.524299334281604,-29.540992913181256,29.540992913181256,-38.40224933876672,38.40224933876672
external_10714,missing_bod_nh3n,indicator_reconstruction,indicator_reconstruction_missing_bod_nh3n,mpr,suspended_solids_event,535,0.9364485981308412,0.9364485981308412,-0.5995490605034224,0.5995490605034224,-2.925616813892328,2.925616813892328,-9.063405950203638,9.063405950203638
external_10714,missing_bod_nh3n,indicator_reconstruction,indicator_reconstruction_missing_bod_nh3n,rf,ammonia_pollution,535,1.0,1.0,4.370623518057987e-17,-4.370623518057987e-17,-8.041651405519566e-17,8.041651405519566e-17,-3.4245043390455058e-18,3.4245043390455058e-18
external_10714,missing_bod_nh3n,indicator_reconstruction,indicator_reconstruction_missing_bod_nh3n,rf,combined_pollution,535,1.0,1.0,-18.92813492770821,18.92813492770821,-32.13752234191189,32.13752234191189,-42.67287650578099,42.67287650578099
external_10714,missing_bod_nh3n,indicator_reconstruction,indicator_reconstruction_missing_bod_nh3n,rf,conductivity_event,535,1.0,1.0,-1.7252512520455578,1.7252512520455578,-5.781778822343719,5.781778822343719,-10.354215751840549,10.354215751840549
external_10714,missing_bod_nh3n,indicator_reconstruction,indicator_reconstruction_missing_bod_nh3n,rf,organic_pollution,535,1.0,1.0,-16.349944456528956,16.349944456528956,-26.33240404313393,26.33240404313393,-33.32784161384674,33.32784161384674
external_10714,missing_bod_nh3n,indicator_reconstruction,indicator_reconstruction_missing_bod_nh3n,rf,suspended_solids_event,535,0.966355140186916,0.966355140186916,-0.9846213829164968,0.9846213829164968,-2.48032893399556,2.48032893399556,-4.600418193599565,4.600418193599565
external_10714,missing_bod_nh3n,indicator_reconstruction,indicator_reconstruction_missing_bod_nh3n,svm,ammonia_pollution,535,1.0,1.0,0.0,0.0,0.0,0.0,0.0,0.0
external_10714,missing_bod_nh3n,indicator_reconstruction,indicator_reconstruction_missing_bod_nh3n,svm,combined_pollution,535,1.0,1.0,-20.60533121210933,20.60533121210933,-33.12876538205733,33.12876538205733,-41.96389011636472,41.96389011636472
external_10714,missing_bod_nh3n,indicator_reconstruction,indicator_reconstruction_missing_bod_nh3n,svm,conductivity_event,535,1.0,1.0,-1.526650661839564,1.526650661839564,-4.364139630353741,4.364139630353741,-8.928687054228932,8.928687054228932
external_10714,missing_bod_nh3n,indicator_reconstruction,indicator_reconstruction_missing_bod_nh3n,svm,organic_pollution,535,1.0,1.0,-18.39437667493237,18.39437667493237,-28.49105831754851,28.49105831754851,-37.02622841923877,37.02622841923877
external_10714,missing_bod_nh3n,indicator_reconstruction,indicator_reconstruction_missing_bod_nh3n,svm,suspended_solids_event,535,1.0,1.0,-0.7061681468421147,0.7061681468421147,-2.088813296029023,2.088813296029023,-4.424053681334459,4.424053681334459
external_10714,missing_bod_nh3n,indicator_reconstruction,indicator_reconstruction_missing_bod_nh3n,xgboost,ammonia_pollution,535,1.0,1.0,0.0,0.0,0.0,0.0,0.0,0.0
external_10714,missing_bod_nh3n,indicator_reconstruction,indicator_reconstruction_missing_bod_nh3n,xgboost,combined_pollution,535,1.0,1.0,-17.676825972583806,17.676825972583806,-30.73472705021083,30.73472705021083,-41.74229381240417,41.74229381240417
external_10714,missing_bod_nh3n,indicator_reconstruction,indicator_reconstruction_missing_bod_nh3n,xgboost,conductivity_event,535,0.988785046728972,0.988785046728972,-1.140615663287517,1.140615663287517,-4.058592185350222,4.058592185350222,-7.1267124278523095,7.1267124278523095
external_10714,missing_bod_nh3n,indicator_reconstruction,indicator_reconstruction_missing_bod_nh3n,xgboost,organic_pollution,535,1.0,1.0,-15.509604304304746,15.509604304304746,-25.443723593025563,25.443723593025563,-33.19040749808338,33.19040749808338
external_10714,missing_bod_nh3n,indicator_reconstruction,indicator_reconstruction_missing_bod_nh3n,xgboost,suspended_solids_event,535,1.0,1.0,-0.9656314632985916,0.9656314632985916,-2.381424495828486,2.381424495828486,-4.331784350404115,4.331784350404115
external_10714,missing_bod_nh3n,inference_dropout,inference_dropout_missing_bod_nh3n,lightgbm,ammonia_pollution,535,1.0,1.0,-0.5911568476466311,0.5911568476466311,-1.530653587471101,1.530653587471101,-3.049990007247035,3.049990007247035
external_10714,missing_bod_nh3n,inference_dropout,inference_dropout_missing_bod_nh3n,lightgbm,combined_pollution,535,1.0,1.0,-9.50534052099927,9.50534052099927,-19.576849535428863,19.576849535428863,-27.766943497578843,27.766943497578843
external_10714,missing_bod_nh3n,inference_dropout,inference_dropout_missing_bod_nh3n,lightgbm,conductivity_event,535,0.9794392523364486,0.9794392523364486,-0.0105886699629259,0.0105886699629259,-0.0258180805440448,0.0258180805440448,-0.049002421296407,0.049002421296407
external_10714,missing_bod_nh3n,inference_dropout,inference_dropout_missing_bod_nh3n,lightgbm,organic_pollution,535,1.0,1.0,-7.943024225389079,7.943024225389079,-15.54661094338314,15.54661094338314,-19.89497046506317,19.89497046506317
external_10714,missing_bod_nh3n,inference_dropout,inference_dropout_missing_bod_nh3n,lightgbm,suspended_solids_event,535,1.0,1.0,-0.9725219355691715,0.9725219355691715,-2.526420701629708,2.526420701629708,-4.736447603881123,4.736447603881123
external_10714,missing_bod_nh3n,inference_dropout,inference_dropout_missing_bod_nh3n,lr,ammonia_pollution,535,1.0,1.0,-1.0993905728750253,1.0993905728750253,-3.626378458959696,3.626378458959696,-9.2597436403979,9.2597436403979
external_10714,missing_bod_nh3n,inference_dropout,inference_dropout_missing_bod_nh3n,lr,combined_pollution,535,1.0,1.0,-18.275345051309912,18.275345051309912,-40.42887502317721,40.42887502317721,-60.57184394274916,60.57184394274916
external_10714,missing_bod_nh3n,inference_dropout,inference_dropout_missing_bod_nh3n,lr,conductivity_event,535,1.0,1.0,-0.08108947823541,0.08108947823541,-0.2274879047321381,0.2274879047321381,-0.4900480369034302,0.4900480369034302
external_10714,missing_bod_nh3n,inference_dropout,inference_dropout_missing_bod_nh3n,lr,organic_pollution,535,1.0,1.0,-16.838399671115393,16.838399671115393,-35.72554930375975,35.72554930375975,-48.60050256930548,48.60050256930548
external_10714,missing_bod_nh3n,inference_dropout,inference_dropout_missing_bod_nh3n,lr,suspended_solids_event,535,1.0,1.0,-0.2564653290840822,0.2564653290840822,-0.849459355725626,0.849459355725626,-2.221549696142347,2.221549696142347
external_10714,missing_bod_nh3n,inference_dropout,inference_dropout_missing_bod_nh3n,mpr,ammonia_pollution,535,0.1271028037383177,0.1271028037383177,-0.1591583077566136,0.1591583077566136,1.0580773194257254,-1.0580773194257254,6.570519469982392,-6.570519469982392
external_10714,missing_bod_nh3n,inference_dropout,inference_dropout_missing_bod_nh3n,mpr,combined_pollution,535,0.0,0.0,68.63254307304005,-68.63254307304005,279.71740507978035,-279.71740507978035,410.4330787516055,-410.4330787516055
external_10714,missing_bod_nh3n,inference_dropout,inference_dropout_missing_bod_nh3n,mpr,conductivity_event,535,0.6710280373831776,0.6710280373831776,-0.020876630318809,0.020876630318809,-0.0733987858305538,0.0733987858305538,-0.4267177625119175,0.4267177625119175
external_10714,missing_bod_nh3n,inference_dropout,inference_dropout_missing_bod_nh3n,mpr,organic_pollution,535,0.0,0.0,69.08889175420151,-69.08889175420151,278.92318562965187,-278.92318562965187,404.08318795146505,-404.08318795146505
external_10714,missing_bod_nh3n,inference_dropout,inference_dropout_missing_bod_nh3n,mpr,suspended_solids_event,535,0.4803738317757009,0.4803738317757009,-0.3091498242033952,0.3091498242033952,-0.1977034333686496,0.1977034333686496,1.0331579176135892,-1.0331579176135892
external_10714,missing_bod_nh3n,inference_dropout,inference_dropout_missing_bod_nh3n,rf,ammonia_pollution,535,1.0,1.0,-0.5606812108139818,0.5606812108139818,-1.4720955457512106,1.4720955457512106,-2.9824531876746576,2.9824531876746576
external_10714,missing_bod_nh3n,inference_dropout,inference_dropout_missing_bod_nh3n,rf,combined_pollution,535,1.0,1.0,-8.981802086400796,8.981802086400796,-19.439575588532133,19.439575588532133,-27.41354839677372,27.41354839677372
external_10714,missing_bod_nh3n,inference_dropout,inference_dropout_missing_bod_nh3n,rf,conductivity_event,535,0.8785046728971962,0.8785046728971962,-0.0139755546343422,0.0139755546343422,-0.030849571499954,0.030849571499954,-0.0428851041670522,0.0428851041670522
external_10714,missing_bod_nh3n,inference_dropout,inference_dropout_missing_bod_nh3n,rf,organic_pollution,535,1.0,1.0,-7.478162553240188,7.478162553240188,-15.794345159760656,15.794345159760656,-20.310272275667025,20.310272275667025
external_10714,missing_bod_nh3n,inference_dropout,inference_dropout_missing_bod_nh3n,rf,suspended_solids_event,535,1.0,1.0,-0.9585987586194136,0.9585987586194136,-2.4698860356805783,2.4698860356805783,-4.575730563375591,4.575730563375591
external_10714,missing_bod_nh3n,inference_dropout,inference_dropout_missing_bod_nh3n,svm,ammonia_pollution,535,0.4018691588785046,0.4018691588785046,-0.386270011441456,0.386270011441456,-0.5916220316488886,0.5916220316488886,-0.0828372979775657,0.0828372979775657
external_10714,missing_bod_nh3n,inference_dropout,inference_dropout_missing_bod_nh3n,svm,combined_pollution,535,0.0,0.0,-4.9038973278551,4.9038973278551,6.69273543259186,-6.69273543259186,12.728949044528177,-12.728949044528177
external_10714,missing_bod_nh3n,inference_dropout,inference_dropout_missing_bod_nh3n,svm,conductivity_event,535,0.3252336448598131,0.3252336448598131,0.0944372541282982,-0.0944372541282982,0.3129174944047218,-0.3129174944047218,0.4038361313623065,-0.4038361313623065
external_10714,missing_bod_nh3n,inference_dropout,inference_dropout_missing_bod_nh3n,svm,organic_pollution,535,0.0,0.0,-4.599316320674076,4.599316320674076,6.72043509674153,-6.72043509674153,11.763260888686712,-11.763260888686712
external_10714,missing_bod_nh3n,inference_dropout,inference_dropout_missing_bod_nh3n,svm,suspended_solids_event,535,0.9626168224299064,0.9626168224299064,-0.7309125711393971,0.7309125711393971,-1.980133600203403,1.980133600203403,-4.018045503640916,4.018045503640916
external_10714,missing_bod_nh3n,inference_dropout,inference_dropout_missing_bod_nh3n,xgboost,ammonia_pollution,535,1.0,1.0,-0.5337754591046092,0.5337754591046092,-1.5232050045628414,1.5232050045628414,-3.072444954096714,3.072444954096714
external_10714,missing_bod_nh3n,inference_dropout,inference_dropout_missing_bod_nh3n,xgboost,combined_pollution,535,1.0,1.0,-9.24140142102108,9.24140142102108,-19.5063036125397,19.5063036125397,-28.48120295087868,28.48120295087868
external_10714,missing_bod_nh3n,inference_dropout,inference_dropout_missing_bod_nh3n,xgboost,conductivity_event,535,0.9532710280373832,0.9532710280373832,-0.0221748931365246,0.0221748931365246,-0.0531569313982536,0.0531569313982536,-0.0985380128530837,0.0985380128530837
external_10714,missing_bod_nh3n,inference_dropout,inference_dropout_missing_bod_nh3n,xgboost,organic_pollution,535,1.0,1.0,-7.773874892475449,7.773874892475449,-15.561208858668246,15.561208858668246,-20.62518086656232,20.62518086656232
external_10714,missing_bod_nh3n,inference_dropout,inference_dropout_missing_bod_nh3n,xgboost,suspended_solids_event,535,1.0,1.0,-0.9696293659299332,0.9696293659299332,-2.5364193403832265,2.5364193403832265,-4.777808073525117,4.777808073525117
external_10714,missing_bod_nh3n,reduced_retraining,reduced_retraining_missing_bod_nh3n,lightgbm,ammonia_pollution,535,1.0,1.0,0.0,0.0,0.0,0.0,0.0,0.0
external_10714,missing_bod_nh3n,reduced_retraining,reduced_retraining_missing_bod_nh3n,lightgbm,combined_pollution,535,1.0,1.0,-17.7221877246579,17.7221877246579,-30.685743251936096,30.685743251936096,-41.7023196954016,41.7023196954016
external_10714,missing_bod_nh3n,reduced_retraining,reduced_retraining_missing_bod_nh3n,lightgbm,conductivity_event,535,0.9981308411214952,0.9981308411214952,-1.251479561334114,1.251479561334114,-4.218048286437982,4.218048286437982,-7.284190112759219,7.284190112759219
external_10714,missing_bod_nh3n,reduced_retraining,reduced_retraining_missing_bod_nh3n,lightgbm,organic_pollution,535,1.0,1.0,-15.426111644827069,15.426111644827069,-25.27981815596247,25.27981815596247,-33.16920958558295,33.16920958558295
external_10714,missing_bod_nh3n,reduced_retraining,reduced_retraining_missing_bod_nh3n,lightgbm,suspended_solids_event,535,1.0,1.0,-0.9438927233561968,0.9438927233561968,-2.369442409814181,2.369442409814181,-4.196955757173063,4.196955757173063
external_10714,missing_bod_nh3n,reduced_retraining,reduced_retraining_missing_bod_nh3n,lr,ammonia_pollution,535,1.0,1.0,0.0,0.0,0.0,0.0,0.0,0.0
external_10714,missing_bod_nh3n,reduced_retraining,reduced_retraining_missing_bod_nh3n,lr,combined_pollution,535,1.0,1.0,-14.92274108802349,14.92274108802349,-25.316816461180228,25.316816461180228,-36.46344216554626,36.46344216554626
external_10714,missing_bod_nh3n,reduced_retraining,reduced_retraining_missing_bod_nh3n,lr,conductivity_event,535,1.0,1.0,-0.1045936383765895,0.1045936383765895,-0.2934263255896874,0.2934263255896874,-0.6320907258798051,0.6320907258798051
external_10714,missing_bod_nh3n,reduced_retraining,reduced_retraining_missing_bod_nh3n,lr,organic_pollution,535,1.0,1.0,-14.619742674766908,14.619742674766908,-24.366237791278174,24.366237791278174,-34.11273290778945,34.11273290778945
external_10714,missing_bod_nh3n,reduced_retraining,reduced_retraining_missing_bod_nh3n,lr,suspended_solids_event,535,1.0,1.0,-0.198404774879993,0.198404774879993,-0.657152344312365,0.657152344312365,-1.7186185318770093,1.7186185318770093
external_10714,missing_bod_nh3n,reduced_retraining,reduced_retraining_missing_bod_nh3n,mpr,ammonia_pollution,535,1.0,1.0,0.0,0.0,0.0,0.0,0.0,0.0
external_10714,missing_bod_nh3n,reduced_retraining,reduced_retraining_missing_bod_nh3n,mpr,combined_pollution,535,1.0,1.0,-14.107869183262514,14.107869183262514,-25.22618049087028,25.22618049087028,-38.39088542846125,38.39088542846125
external_10714,missing_bod_nh3n,reduced_retraining,reduced_retraining_missing_bod_nh3n,mpr,conductivity_event,535,0.4785046728971963,0.4785046728971963,0.2013895903163047,-0.2013895903163047,0.5332645214421148,-0.5332645214421148,0.2258297999972025,-0.2258297999972025
external_10714,missing_bod_nh3n,reduced_retraining,reduced_retraining_missing_bod_nh3n,mpr,organic_pollution,535,1.0,1.0,-14.12419025739533,14.12419025739533,-25.610847002223306,25.610847002223306,-38.75392767230282,38.75392767230282
external_10714,missing_bod_nh3n,reduced_retraining,reduced_retraining_missing_bod_nh3n,mpr,suspended_solids_event,535,0.394392523364486,0.394392523364486,-0.1496643544692924,0.1496643544692924,0.1665462412656643,-0.1665462412656643,1.7099391360246263,-1.7099391360246263
external_10714,missing_bod_nh3n,reduced_retraining,reduced_retraining_missing_bod_nh3n,rf,ammonia_pollution,535,1.0,1.0,-4.49761651279479e-17,4.49761651279479e-17,-2.906144116159174e-17,2.906144116159174e-17,-5.542588380177299e-19,5.542588380177299e-19
external_10714,missing_bod_nh3n,reduced_retraining,reduced_retraining_missing_bod_nh3n,rf,combined_pollution,535,1.0,1.0,-17.50414001271617,17.50414001271617,-30.373988375513125,30.373988375513125,-41.05012489124059,41.05012489124059
external_10714,missing_bod_nh3n,reduced_retraining,reduced_retraining_missing_bod_nh3n,rf,conductivity_event,535,1.0,1.0,-1.2420955450369184,1.2420955450369184,-4.051154592395927,4.051154592395927,-7.107750429132283,7.107750429132283
external_10714,missing_bod_nh3n,reduced_retraining,reduced_retraining_missing_bod_nh3n,rf,organic_pollution,535,1.0,1.0,-15.307334252828449,15.307334252828449,-25.40228103710284,25.40228103710284,-33.049942124688044,33.049942124688044
external_10714,missing_bod_nh3n,reduced_retraining,reduced_retraining_missing_bod_nh3n,rf,suspended_solids_event,535,0.9981308411214952,0.9981308411214952,-0.9671875845125084,0.9671875845125084,-2.374151304466316,2.374151304466316,-4.220691631274808,4.220691631274808
external_10714,missing_bod_nh3n,reduced_retraining,reduced_retraining_missing_bod_nh3n,svm,ammonia_pollution,535,1.0,1.0,0.0,0.0,0.0,0.0,0.0,0.0
external_10714,missing_bod_nh3n,reduced_retraining,reduced_retraining_missing_bod_nh3n,svm,combined_pollution,535,0.9925233644859812,0.9925233644859812,-20.51271066825909,20.51271066825909,-32.2020919681508,32.2020919681508,-40.7770282736366,40.7770282736366
external_10714,missing_bod_nh3n,reduced_retraining,reduced_retraining_missing_bod_nh3n,svm,conductivity_event,535,1.0,1.0,-1.103052130645949,1.103052130645949,-3.269445772426399,3.269445772426399,-7.5482675718434065,7.5482675718434065
external_10714,missing_bod_nh3n,reduced_retraining,reduced_retraining_missing_bod_nh3n,svm,organic_pollution,535,1.0,1.0,-19.12038725816934,19.12038725816934,-29.351922116462173,29.351922116462173,-37.58388126831228,37.58388126831228
external_10714,missing_bod_nh3n,reduced_retraining,reduced_retraining_missing_bod_nh3n,svm,suspended_solids_event,535,1.0,1.0,-0.7539711930642222,0.7539711930642222,-2.1084541139728934,2.1084541139728934,-4.213152278166085,4.213152278166085
external_10714,missing_bod_nh3n,reduced_retraining,reduced_retraining_missing_bod_nh3n,xgboost,ammonia_pollution,535,1.0,1.0,0.0,0.0,0.0,0.0,0.0,0.0
external_10714,missing_bod_nh3n,reduced_retraining,reduced_retraining_missing_bod_nh3n,xgboost,combined_pollution,535,1.0,1.0,-17.52462332538355,17.52462332538355,-30.455704166733216,30.455704166733216,-40.7712782530027,40.7712782530027
external_10714,missing_bod_nh3n,reduced_retraining,reduced_retraining_missing_bod_nh3n,xgboost,conductivity_event,535,0.9981308411214952,0.9981308411214952,-1.2493506953746916,1.2493506953746916,-4.208046331138254,4.208046331138254,-7.454287876146976,7.454287876146976
external_10714,missing_bod_nh3n,reduced_retraining,reduced_retraining_missing_bod_nh3n,xgboost,organic_pollution,535,1.0,1.0,-15.28787147664578,15.28787147664578,-25.226742674925617,25.226742674925617,-33.37608897485465,33.37608897485465
external_10714,missing_bod_nh3n,reduced_retraining,reduced_retraining_missing_bod_nh3n,xgboost,suspended_solids_event,535,1.0,1.0,-0.945627672538579,0.945627672538579,-2.3637674866435683,2.3637674866435683,-4.214451914858596,4.214451914858596
external_10714,missing_nh3n,indicator_reconstruction,indicator_reconstruction_missing_nh3n,lightgbm,ammonia_pollution,535,1.0,1.0,0.0,0.0,0.0,0.0,0.0,0.0
external_10714,missing_nh3n,indicator_reconstruction,indicator_reconstruction_missing_nh3n,lightgbm,combined_pollution,535,1.0,1.0,-14.67622837130178,14.67622837130178,-26.696276414906198,26.696276414906198,-36.51738735787617,36.51738735787617
external_10714,missing_nh3n,indicator_reconstruction,indicator_reconstruction_missing_nh3n,lightgbm,conductivity_event,535,1.0,1.0,-0.699605114563403,0.699605114563403,-2.3666175365937097,2.3666175365937097,-4.264621981662536,4.264621981662536
external_10714,missing_nh3n,indicator_reconstruction,indicator_reconstruction_missing_nh3n,lightgbm,organic_pollution,535,1.0,1.0,-12.99925064382812,12.99925064382812,-22.663234328525142,22.663234328525142,-29.897408491891607,29.897408491891607
external_10714,missing_nh3n,indicator_reconstruction,indicator_reconstruction_missing_nh3n,lightgbm,suspended_solids_event,535,1.0,1.0,-0.9638363596799784,0.9638363596799784,-2.4567335156265573,2.4567335156265573,-4.507354276869789,4.507354276869789
external_10714,missing_nh3n,indicator_reconstruction,indicator_reconstruction_missing_nh3n,lr,ammonia_pollution,535,1.0,1.0,0.0,0.0,0.0,0.0,0.0,0.0
external_10714,missing_nh3n,indicator_reconstruction,indicator_reconstruction_missing_nh3n,lr,combined_pollution,535,1.0,1.0,-20.506327550766017,20.506327550766017,-42.91243705772097,42.91243705772097,-59.597537809041626,59.597537809041626
external_10714,missing_nh3n,indicator_reconstruction,indicator_reconstruction_missing_nh3n,lr,conductivity_event,535,1.0,1.0,-0.1101611877669748,0.1101611877669748,-0.3090413383865308,0.3090413383865308,-0.6656841794428107,0.6656841794428107
external_10714,missing_nh3n,indicator_reconstruction,indicator_reconstruction_missing_nh3n,lr,organic_pollution,535,1.0,1.0,-20.19297088660291,20.19297088660291,-41.93044057905028,41.93044057905028,-57.17155674906861,57.17155674906861
external_10714,missing_nh3n,indicator_reconstruction,indicator_reconstruction_missing_nh3n,lr,suspended_solids_event,535,1.0,1.0,-0.2031382693166248,0.2031382693166248,-0.6730758935327278,0.6730758935327278,-1.7603371072207803,1.7603371072207803
external_10714,missing_nh3n,indicator_reconstruction,indicator_reconstruction_missing_nh3n,mpr,ammonia_pollution,535,1.0,1.0,0.0,0.0,0.0,0.0,0.0,0.0
external_10714,missing_nh3n,indicator_reconstruction,indicator_reconstruction_missing_nh3n,mpr,combined_pollution,535,0.0,0.0,16.94958395218579,-16.94958395218579,905.6917354518582,-905.6917354518582,1703.8529832423023,-1703.8529832423023
external_10714,missing_nh3n,indicator_reconstruction,indicator_reconstruction_missing_nh3n,mpr,conductivity_event,535,0.616822429906542,0.616822429906542,-0.5683616486670275,0.5683616486670275,-1.41535024128652,1.41535024128652,-2.057799167086756,2.057799167086756
external_10714,missing_nh3n,indicator_reconstruction,indicator_reconstruction_missing_nh3n,mpr,organic_pollution,535,0.0,0.0,16.721691259236014,-16.721691259236014,884.1428666881137,-884.1428666881137,1602.511559447138,-1602.511559447138
external_10714,missing_nh3n,indicator_reconstruction,indicator_reconstruction_missing_nh3n,mpr,suspended_solids_event,535,0.4785046728971963,0.4785046728971963,-0.3855061478485005,0.3855061478485005,-0.1981238944102404,0.1981238944102404,1.5595250403249896,-1.5595250403249896
external_10714,missing_nh3n,indicator_reconstruction,indicator_reconstruction_missing_nh3n,rf,ammonia_pollution,535,1.0,1.0,1.80736377510715e-16,-1.80736377510715e-16,4.7253688989031435e-17,-4.7253688989031435e-17,7.565074277717487e-17,-7.565074277717487e-17
external_10714,missing_nh3n,indicator_reconstruction,indicator_reconstruction_missing_nh3n,rf,combined_pollution,535,1.0,1.0,-14.662937023916603,14.662937023916603,-25.160859199703896,25.160859199703896,-34.11211205533452,34.11211205533452
external_10714,missing_nh3n,indicator_reconstruction,indicator_reconstruction_missing_nh3n,rf,conductivity_event,535,1.0,1.0,-0.9416181264674166,0.9416181264674166,-3.1458381417106245,3.1458381417106245,-6.052365715789152,6.052365715789152
external_10714,missing_nh3n,indicator_reconstruction,indicator_reconstruction_missing_nh3n,rf,organic_pollution,535,1.0,1.0,-13.088104355979157,13.088104355979157,-20.89382834771289,20.89382834771289,-26.684895369421056,26.684895369421056
external_10714,missing_nh3n,indicator_reconstruction,indicator_reconstruction_missing_nh3n,rf,suspended_solids_event,535,1.0,1.0,-0.9722017724006036,0.9722017724006036,-2.4559699568304483,2.4559699568304483,-4.5553941811603575,4.5553941811603575
external_10714,missing_nh3n,indicator_reconstruction,indicator_reconstruction_missing_nh3n,svm,ammonia_pollution,535,1.0,1.0,0.0,0.0,0.0,0.0,0.0,0.0
external_10714,missing_nh3n,indicator_reconstruction,indicator_reconstruction_missing_nh3n,svm,combined_pollution,535,0.0,0.0,-7.91643852635145,7.91643852635145,-0.1598359216799899,0.1598359216799899,6.304738088099128,-6.304738088099128
external_10714,missing_nh3n,indicator_reconstruction,indicator_reconstruction_missing_nh3n,svm,conductivity_event,535,0.9383177570093458,0.9383177570093458,-0.4337316744276965,0.4337316744276965,-1.2033950357576364,1.2033950357576364,-2.667992113792097,2.667992113792097
external_10714,missing_nh3n,indicator_reconstruction,indicator_reconstruction_missing_nh3n,svm,organic_pollution,535,0.0,0.0,-7.793718359300641,7.793718359300641,-0.3492186993200252,0.3492186993200252,5.806855578144804,-5.806855578144804
external_10714,missing_nh3n,indicator_reconstruction,indicator_reconstruction_missing_nh3n,svm,suspended_solids_event,535,0.983177570093458,0.983177570093458,-0.6798407131820936,0.6798407131820936,-1.861373091960236,1.861373091960236,-3.8125712767622337,3.8125712767622337
external_10714,missing_nh3n,indicator_reconstruction,indicator_reconstruction_missing_nh3n,xgboost,ammonia_pollution,535,1.0,1.0,0.0,0.0,0.0,0.0,0.0,0.0
external_10714,missing_nh3n,indicator_reconstruction,indicator_reconstruction_missing_nh3n,xgboost,combined_pollution,535,1.0,1.0,-16.03529551318873,16.03529551318873,-27.43885079856231,27.43885079856231,-36.64376448871933,36.64376448871933
external_10714,missing_nh3n,indicator_reconstruction,indicator_reconstruction_missing_nh3n,xgboost,conductivity_event,535,1.0,1.0,-0.6995061844865852,0.6995061844865852,-2.4322031457847526,2.4322031457847526,-4.710937749559634,4.710937749559634
external_10714,missing_nh3n,indicator_reconstruction,indicator_reconstruction_missing_nh3n,xgboost,organic_pollution,535,1.0,1.0,-14.56897056971755,14.56897056971755,-24.14977885807786,24.14977885807786,-31.008563007818204,31.008563007818204
external_10714,missing_nh3n,indicator_reconstruction,indicator_reconstruction_missing_nh3n,xgboost,suspended_solids_event,535,1.0,1.0,-0.9555357671786692,0.9555357671786692,-2.463410605448429,2.463410605448429,-4.528588098454698,4.528588098454698
external_10714,missing_nh3n,inference_dropout,inference_dropout_missing_nh3n,lightgbm,ammonia_pollution,535,1.0,1.0,-0.5911568476466311,0.5911568476466311,-1.530653587471101,1.530653587471101,-3.049990007247035,3.049990007247035
external_10714,missing_nh3n,inference_dropout,inference_dropout_missing_nh3n,lightgbm,combined_pollution,535,1.0,1.0,-9.50534052099927,9.50534052099927,-19.576849535428863,19.576849535428863,-27.766943497578843,27.766943497578843
external_10714,missing_nh3n,inference_dropout,inference_dropout_missing_nh3n,lightgbm,conductivity_event,535,0.9794392523364486,0.9794392523364486,-0.0105886699629259,0.0105886699629259,-0.0258180805440448,0.0258180805440448,-0.049002421296407,0.049002421296407
external_10714,missing_nh3n,inference_dropout,inference_dropout_missing_nh3n,lightgbm,organic_pollution,535,1.0,1.0,-7.943024225389079,7.943024225389079,-15.54661094338314,15.54661094338314,-19.89497046506317,19.89497046506317
external_10714,missing_nh3n,inference_dropout,inference_dropout_missing_nh3n,lightgbm,suspended_solids_event,535,1.0,1.0,-0.9725219355691715,0.9725219355691715,-2.526420701629708,2.526420701629708,-4.736447603881123,4.736447603881123
external_10714,missing_nh3n,inference_dropout,inference_dropout_missing_nh3n,lr,ammonia_pollution,535,1.0,1.0,-1.0993905728750253,1.0993905728750253,-3.626378458959696,3.626378458959696,-9.2597436403979,9.2597436403979
external_10714,missing_nh3n,inference_dropout,inference_dropout_missing_nh3n,lr,combined_pollution,535,1.0,1.0,-18.275345051309912,18.275345051309912,-40.42887502317721,40.42887502317721,-60.57184394274916,60.57184394274916
external_10714,missing_nh3n,inference_dropout,inference_dropout_missing_nh3n,lr,conductivity_event,535,1.0,1.0,-0.08108947823541,0.08108947823541,-0.2274879047321381,0.2274879047321381,-0.4900480369034302,0.4900480369034302
external_10714,missing_nh3n,inference_dropout,inference_dropout_missing_nh3n,lr,organic_pollution,535,1.0,1.0,-16.838399671115393,16.838399671115393,-35.72554930375975,35.72554930375975,-48.60050256930548,48.60050256930548
external_10714,missing_nh3n,inference_dropout,inference_dropout_missing_nh3n,lr,suspended_solids_event,535,1.0,1.0,-0.2564653290840822,0.2564653290840822,-0.849459355725626,0.849459355725626,-2.221549696142347,2.221549696142347
external_10714,missing_nh3n,inference_dropout,inference_dropout_missing_nh3n,mpr,ammonia_pollution,535,0.1271028037383177,0.1271028037383177,-0.1591583077566136,0.1591583077566136,1.0580773194257254,-1.0580773194257254,6.570519469982392,-6.570519469982392
external_10714,missing_nh3n,inference_dropout,inference_dropout_missing_nh3n,mpr,combined_pollution,535,0.0,0.0,68.63254307304005,-68.63254307304005,279.71740507978035,-279.71740507978035,410.4330787516055,-410.4330787516055
external_10714,missing_nh3n,inference_dropout,inference_dropout_missing_nh3n,mpr,conductivity_event,535,0.6710280373831776,0.6710280373831776,-0.020876630318809,0.020876630318809,-0.0733987858305538,0.0733987858305538,-0.4267177625119175,0.4267177625119175
external_10714,missing_nh3n,inference_dropout,inference_dropout_missing_nh3n,mpr,organic_pollution,535,0.0,0.0,69.08889175420151,-69.08889175420151,278.92318562965187,-278.92318562965187,404.08318795146505,-404.08318795146505
external_10714,missing_nh3n,inference_dropout,inference_dropout_missing_nh3n,mpr,suspended_solids_event,535,0.4803738317757009,0.4803738317757009,-0.3091498242033952,0.3091498242033952,-0.1977034333686496,0.1977034333686496,1.0331579176135892,-1.0331579176135892
external_10714,missing_nh3n,inference_dropout,inference_dropout_missing_nh3n,rf,ammonia_pollution,535,1.0,1.0,-0.5606812108139818,0.5606812108139818,-1.4720955457512106,1.4720955457512106,-2.9824531876746576,2.9824531876746576
external_10714,missing_nh3n,inference_dropout,inference_dropout_missing_nh3n,rf,combined_pollution,535,1.0,1.0,-8.981802086400796,8.981802086400796,-19.439575588532133,19.439575588532133,-27.41354839677372,27.41354839677372
external_10714,missing_nh3n,inference_dropout,inference_dropout_missing_nh3n,rf,conductivity_event,535,0.8785046728971962,0.8785046728971962,-0.0139755546343421,0.0139755546343421,-0.030849571499954,0.030849571499954,-0.042885104167052,0.042885104167052
external_10714,missing_nh3n,inference_dropout,inference_dropout_missing_nh3n,rf,organic_pollution,535,1.0,1.0,-7.478162553240188,7.478162553240188,-15.794345159760656,15.794345159760656,-20.310272275667025,20.310272275667025
external_10714,missing_nh3n,inference_dropout,inference_dropout_missing_nh3n,rf,suspended_solids_event,535,1.0,1.0,-0.9585987586194132,0.9585987586194132,-2.4698860356805783,2.4698860356805783,-4.575730563375591,4.575730563375591
external_10714,missing_nh3n,inference_dropout,inference_dropout_missing_nh3n,svm,ammonia_pollution,535,0.4018691588785046,0.4018691588785046,-0.386270011441456,0.386270011441456,-0.5916220316488886,0.5916220316488886,-0.0828372979775657,0.0828372979775657
external_10714,missing_nh3n,inference_dropout,inference_dropout_missing_nh3n,svm,combined_pollution,535,0.0,0.0,-4.9038973278551,4.9038973278551,6.69273543259186,-6.69273543259186,12.728949044528177,-12.728949044528177
external_10714,missing_nh3n,inference_dropout,inference_dropout_missing_nh3n,svm,conductivity_event,535,0.3252336448598131,0.3252336448598131,0.0944372541282982,-0.0944372541282982,0.3129174944047218,-0.3129174944047218,0.4038361313623065,-0.4038361313623065
external_10714,missing_nh3n,inference_dropout,inference_dropout_missing_nh3n,svm,organic_pollution,535,0.0,0.0,-4.599316320674076,4.599316320674076,6.72043509674153,-6.72043509674153,11.763260888686712,-11.763260888686712
external_10714,missing_nh3n,inference_dropout,inference_dropout_missing_nh3n,svm,suspended_solids_event,535,0.9626168224299064,0.9626168224299064,-0.7309125711393971,0.7309125711393971,-1.980133600203403,1.980133600203403,-4.018045503640916,4.018045503640916
external_10714,missing_nh3n,inference_dropout,inference_dropout_missing_nh3n,xgboost,ammonia_pollution,535,1.0,1.0,-0.5337754591046092,0.5337754591046092,-1.5232050045628414,1.5232050045628414,-3.072444954096714,3.072444954096714
external_10714,missing_nh3n,inference_dropout,inference_dropout_missing_nh3n,xgboost,combined_pollution,535,1.0,1.0,-9.24140142102108,9.24140142102108,-19.5063036125397,19.5063036125397,-28.48120295087868,28.48120295087868
external_10714,missing_nh3n,inference_dropout,inference_dropout_missing_nh3n,xgboost,conductivity_event,535,0.9532710280373832,0.9532710280373832,-0.0221748931365246,0.0221748931365246,-0.0531569313982536,0.0531569313982536,-0.0985380128530837,0.0985380128530837
external_10714,missing_nh3n,inference_dropout,inference_dropout_missing_nh3n,xgboost,organic_pollution,535,1.0,1.0,-7.773874892475449,7.773874892475449,-15.561208858668246,15.561208858668246,-20.62518086656232,20.62518086656232
external_10714,missing_nh3n,inference_dropout,inference_dropout_missing_nh3n,xgboost,suspended_solids_event,535,1.0,1.0,-0.9696293659299332,0.9696293659299332,-2.5364193403832265,2.5364193403832265,-4.777808073525117,4.777808073525117
external_10714,missing_nh3n,reduced_retraining,reduced_retraining_missing_nh3n,lightgbm,ammonia_pollution,535,1.0,1.0,0.0,0.0,0.0,0.0,0.0,0.0
external_10714,missing_nh3n,reduced_retraining,reduced_retraining_missing_nh3n,lightgbm,combined_pollution,535,1.0,1.0,-14.309471473422663,14.309471473422663,-26.000121954321543,26.000121954321543,-35.619605042347686,35.619605042347686
external_10714,missing_nh3n,reduced_retraining,reduced_retraining_missing_nh3n,lightgbm,conductivity_event,535,1.0,1.0,-0.7314644783216203,0.7314644783216203,-2.323295379775309,2.323295379775309,-4.0014756163032335,4.0014756163032335
external_10714,missing_nh3n,reduced_retraining,reduced_retraining_missing_nh3n,lightgbm,organic_pollution,535,1.0,1.0,-12.752186449366596,12.752186449366596,-21.943410396863072,21.943410396863072,-28.489141479175476,28.489141479175476
external_10714,missing_nh3n,reduced_retraining,reduced_retraining_missing_nh3n,lightgbm,suspended_solids_event,535,1.0,1.0,-0.986711014937218,0.986711014937218,-2.5047721750403964,2.5047721750403964,-4.588703571455523,4.588703571455523
external_10714,missing_nh3n,reduced_retraining,reduced_retraining_missing_nh3n,lr,ammonia_pollution,535,1.0,1.0,0.0,0.0,0.0,0.0,0.0,0.0
external_10714,missing_nh3n,reduced_retraining,reduced_retraining_missing_nh3n,lr,combined_pollution,535,1.0,1.0,-20.466495570000728,20.466495570000728,-42.83933945816514,42.83933945816514,-59.498168596326096,59.498168596326096
external_10714,missing_nh3n,reduced_retraining,reduced_retraining_missing_nh3n,lr,conductivity_event,535,1.0,1.0,-0.1106339412227688,0.1106339412227688,-0.3103717526454118,0.3103717526454118,-0.6685940875549053,0.6685940875549053
external_10714,missing_nh3n,reduced_retraining,reduced_retraining_missing_nh3n,lr,organic_pollution,535,1.0,1.0,-20.153023104827728,20.153023104827728,-41.85712998583087,41.85712998583087,-57.072550029646095,57.072550029646095
external_10714,missing_nh3n,reduced_retraining,reduced_retraining_missing_nh3n,lr,suspended_solids_event,535,1.0,1.0,-0.2028385239502346,0.2028385239502346,-0.671837719688862,0.671837719688862,-1.757024479125097,1.757024479125097
external_10714,missing_nh3n,reduced_retraining,reduced_retraining_missing_nh3n,mpr,ammonia_pollution,535,1.0,1.0,0.0,0.0,0.0,0.0,0.0,0.0
external_10714,missing_nh3n,reduced_retraining,reduced_retraining_missing_nh3n,mpr,combined_pollution,535,0.0,0.0,108.22244543420652,-108.22244543420652,430.0089007486288,-430.0089007486288,623.0597941722542,-623.0597941722542
external_10714,missing_nh3n,reduced_retraining,reduced_retraining_missing_nh3n,mpr,conductivity_event,535,0.5476635514018692,0.5476635514018692,0.062341431155675,-0.062341431155675,0.1521625425665823,-0.1521625425665823,-0.1973089214627215,0.1973089214627215
external_10714,missing_nh3n,reduced_retraining,reduced_retraining_missing_nh3n,mpr,organic_pollution,535,0.0,0.0,108.4463433446729,-108.4463433446729,430.2986153736268,-430.2986153736268,624.1129524870979,-624.1129524870979
external_10714,missing_nh3n,reduced_retraining,reduced_retraining_missing_nh3n,mpr,suspended_solids_event,535,0.4560747663551401,0.4560747663551401,-0.2371709056812749,0.2371709056812749,-0.0397439320235333,0.0397439320235333,1.3111238854458227,-1.3111238854458227
external_10714,missing_nh3n,reduced_retraining,reduced_retraining_missing_nh3n,rf,ammonia_pollution,535,1.0,1.0,1.192313985531742e-16,-1.192313985531742e-16,7.18333918714442e-17,-7.18333918714442e-17,4.065353792682383e-17,-4.065353792682383e-17
external_10714,missing_nh3n,reduced_retraining,reduced_retraining_missing_nh3n,rf,combined_pollution,535,1.0,1.0,-13.65089185118905,13.65089185118905,-24.882979795947072,24.882979795947072,-33.736050291699826,33.736050291699826
external_10714,missing_nh3n,reduced_retraining,reduced_retraining_missing_nh3n,rf,conductivity_event,535,1.0,1.0,-0.6380185715616455,0.6380185715616455,-1.844049694697881,1.844049694697881,-3.250225750754141,3.250225750754141
external_10714,missing_nh3n,reduced_retraining,reduced_retraining_missing_nh3n,rf,organic_pollution,535,1.0,1.0,-12.026120372906451,12.026120372906451,-21.12605902542179,21.12605902542179,-27.92533350824466,27.92533350824466
external_10714,missing_nh3n,reduced_retraining,reduced_retraining_missing_nh3n,rf,suspended_solids_event,535,1.0,1.0,-0.9723627185774646,0.9723627185774646,-2.45029483737084,2.45029483737084,-4.474927148847967,4.474927148847967
external_10714,missing_nh3n,reduced_retraining,reduced_retraining_missing_nh3n,svm,ammonia_pollution,535,1.0,1.0,0.0,0.0,0.0,0.0,0.0,0.0
external_10714,missing_nh3n,reduced_retraining,reduced_retraining_missing_nh3n,svm,combined_pollution,535,0.0,0.0,-1.897853814348132,1.897853814348132,11.60593818096203,-11.60593818096203,19.39339327999088,-19.39339327999088
external_10714,missing_nh3n,reduced_retraining,reduced_retraining_missing_nh3n,svm,conductivity_event,535,0.7700934579439253,0.7700934579439253,-0.2244202951915492,0.2244202951915492,-0.6711243476442258,0.6711243476442258,-2.053770206073763,2.053770206073763
external_10714,missing_nh3n,reduced_retraining,reduced_retraining_missing_nh3n,svm,organic_pollution,535,0.0,0.0,-1.6134796745982034,1.6134796745982034,11.286229537883958,-11.286229537883958,18.756399025031943,-18.756399025031943
external_10714,missing_nh3n,reduced_retraining,reduced_retraining_missing_nh3n,svm,suspended_solids_event,535,0.8598130841121495,0.8598130841121495,-0.6499230174483048,0.6499230174483048,-1.700207485897259,1.700207485897259,-3.214875545676592,3.214875545676592
external_10714,missing_nh3n,reduced_retraining,reduced_retraining_missing_nh3n,xgboost,ammonia_pollution,535,1.0,1.0,0.0,0.0,0.0,0.0,0.0,0.0
external_10714,missing_nh3n,reduced_retraining,reduced_retraining_missing_nh3n,xgboost,combined_pollution,535,1.0,1.0,-14.368051960312318,14.368051960312318,-25.973541530716084,25.973541530716084,-35.19152167133082,35.19152167133082
external_10714,missing_nh3n,reduced_retraining,reduced_retraining_missing_nh3n,xgboost,conductivity_event,535,1.0,1.0,-0.6853805210545798,0.6853805210545798,-2.2552734631244267,2.2552734631244267,-3.936686804138612,3.936686804138612
external_10714,missing_nh3n,reduced_retraining,reduced_retraining_missing_nh3n,xgboost,organic_pollution,535,1.0,1.0,-12.817766856255933,12.817766856255933,-21.961478074688777,21.961478074688777,-28.05289779734389,28.05289779734389
external_10714,missing_nh3n,reduced_retraining,reduced_retraining_missing_nh3n,xgboost,suspended_solids_event,535,1.0,1.0,-0.975472293000355,0.975472293000355,-2.504822458953501,2.504822458953501,-4.588442401796858,4.588442401796858
